"","ID","Date","Time","Sol","Ta","Tbe","Tbs","Tbw"
"1",105,197,1230,40.53,21.48,26.57,27.23,26.69
"2",105,197,1240,27.42,20.02,24.19,24.25,24.09
"3",105,197,1250,19.16,18.69,21.32,21.75,21.3
"4",105,197,1300,25.01,18.55,20.46,21.01,20.27
"5",105,197,1310,32.02,19.1,22.02,22.51,21.88
"6",105,197,1320,24.54,18.97,21.11,21.85,21.65
"7",105,197,1330,21.04,18.74,20.7,21.06,20.99
"8",105,197,1340,25.94,19.26,21.67,22.24,21.92
"9",105,197,1350,26.79,19.32,21.34,22.07,22.14
"10",105,197,1400,27.28,19.4,20.86,21.52,21.29
"11",105,197,1410,31.93,19.71,21.31,22.44,20.94
"12",105,197,1420,33.91,20.57,23.06,24.15,22.63
"13",105,197,1430,41.83,21.23,25.16,26.04,24.57
"14",105,197,1440,36.22,21.14,25.14,25.59,24.75
"15",105,197,1450,42,21.88,26.73,27.35,26.15
"16",105,197,1500,43.97,22.35,27.88,28.52,26.99
"17",105,197,1510,44.46,22.5,27.94,28.58,26.74
"18",105,197,1520,48.86,23.17,29.59,30.48,27.61
"19",105,197,1530,54.24,23.76,30.07,31.17,27.85
"20",105,197,1540,56.35,24.71,30.89,32.03,29.97
"21",105,197,1550,55.97,24.55,31.66,32.96,29.88
"22",105,197,1600,52.14,24.83,31.41,32.61,29.92
"23",105,197,1610,47.22,24.42,30.31,31.22,28.79
"24",105,197,1620,55.53,25.85,32.11,33.94,30.79
"25",105,197,1630,63.21,25.51,32.42,34.31,29.86
"26",105,197,1640,68.63,26.69,34.72,37.3,30.86
"27",105,197,1650,55.99,25.86,32.17,34.76,29.38
"28",105,197,1700,59.93,26.46,33.15,36.54,29.12
"29",105,197,1710,53.63,26.43,32.65,36.26,29.05
"30",105,197,1720,40.51,25.59,30.3,32.72,28.1
"31",105,197,1730,26.67,24.51,27.82,29.14,26.87
"32",105,197,1740,30.82,24.73,27.59,29.74,26.92
"33",105,197,1750,25.89,24.47,27.14,28.71,26.65
"34",105,197,1800,23.33,24.18,26.18,27.78,26.01
"35",105,197,1810,25.34,24.66,26.59,29.04,27.11
"36",105,197,1820,24.43,24.87,25.94,28.99,27.31
"37",105,197,1830,15.93,23.81,24.64,26.77,25.63
"38",105,197,1840,12.91,23.61,24.67,25.79,25.09
"39",105,197,1850,10.87,23.14,24.08,24.78,24.37
"40",105,197,1900,10.41,22.76,23.75,24.18,23.79
"41",105,197,1910,7.9,21.81,22.56,22.8,22.62
"42",105,197,1920,6.323,21.14,21.54,21.7,21.53
"43",105,197,1930,4.932,20.82,21.03,21.19,21.06
"44",105,197,1940,4.256,20.27,20.36,20.49,20.42
"45",105,197,1950,2.874,20.04,19.85,19.95,19.92
"46",105,197,2000,2.595,20.18,19.78,19.91,19.88
"47",105,197,2010,2.395,20.23,19.83,19.97,19.96
"48",105,197,2020,1.996,20.06,19.61,19.73,19.75
"49",105,197,2030,2.005,19.8,19.31,19.42,19.45
"50",105,197,2040,0.983,19.58,19.06,19.16,19.2
"51",105,197,2050,0.277,19.25,18.59,18.64,18.73
"52",105,197,2100,0.105,19.18,18.42,18.5,18.58
"53",105,197,2110,0.026,19.25,18.47,18.6,18.67
"54",105,197,2120,-0.002,18.88,18.18,18.27,18.38
"55",105,197,2130,-0.019,18.72,18.04,18.14,18.24
"56",105,197,2140,-0.018,18.34,17.73,17.85,17.91
"57",105,197,2150,-0.017,18.4,17.67,17.83,17.86
"58",105,197,2200,-0.015,18.19,17.52,17.69,17.75
"59",105,197,2210,-0.01,18.33,17.54,17.74,17.79
"60",105,197,2220,-0.015,17.61,17.09,17.21,17.3
"61",105,197,2230,-0.008,18.61,17.71,17.93,17.9
"62",105,197,2240,-0.008,19.02,18.22,18.44,18.42
"63",105,197,2250,-0.013,19.43,18.62,18.8,18.85
"64",105,197,2300,-0.012,19.57,18.94,19.08,19.13
"65",105,197,2310,-0.011,19.35,18.77,18.85,18.92
"66",105,197,2320,-0.012,19.52,18.69,19.02,18.94
"67",105,197,2330,-0.009,19.26,18.63,18.75,18.74
"68",105,197,2340,-0.013,18.37,17.94,17.89,17.95
"69",105,197,2350,-0.014,17.6,17.21,17.25,17.33
"70",105,198,0,-0.015,17.3,16.91,17.03,17.06
"71",105,198,10,-0.01,16.46,16.29,16.29,16.38
"72",105,198,20,-0.007,16.01,15.75,15.69,15.83
"73",105,198,30,-0.009,16.08,15.64,15.64,15.78
"74",105,198,40,-0.008,15.58,15.37,15.37,15.48
"75",105,198,50,-0.006,15.36,15.17,15.15,15.27
"76",105,198,100,-0.01,14.96,14.9,14.83,14.92
"77",105,198,110,-0.009,14.85,14.77,14.68,14.77
"78",105,198,120,-0.005,14.88,14.66,14.65,14.74
"79",105,198,130,-0.003,15.08,14.77,14.83,14.91
"80",105,198,140,-0.002,14.65,14.44,14.4,14.47
"81",105,198,150,-0.002,15.15,14.75,14.81,14.81
"82",105,198,200,-0.003,15.17,14.81,14.83,14.83
"83",105,198,210,-0.003,15.31,14.93,14.99,14.98
"84",105,198,220,-0.002,14.88,14.58,14.58,14.62
"85",105,198,230,-0.006,14.41,14.22,14.18,14.21
"86",105,198,240,-0.008,14.85,14.42,14.42,14.45
"87",105,198,250,-0.006,15.2,14.72,14.8,14.76
"88",105,198,300,-0.009,15.02,14.6,14.68,14.66
"89",105,198,310,-0.01,15.38,14.88,15.01,14.94
"90",105,198,320,-0.015,15.6,15.02,15.18,15.09
"91",105,198,330,-0.013,15.09,14.73,14.85,14.81
"92",105,198,340,-0.013,14.74,14.42,14.45,14.46
"93",105,198,350,-0.009,14.4,14.2,14.18,14.19
"94",105,198,400,-0.012,14.35,14.13,14.1,14.12
"95",105,198,410,-0.015,14.53,14.21,14.19,14.22
"96",105,198,420,-0.012,14.48,14.24,14.25,14.26
"97",105,198,430,-0.011,14.81,14.5,14.49,14.49
"98",105,198,440,-0.009,14.7,14.37,14.36,14.35
"99",105,198,450,-0.01,15.53,14.67,14.8,14.61
"100",105,198,500,-0.013,15.51,14.72,14.82,14.66
"101",105,198,510,0,15.61,14.76,14.96,14.74
"102",105,198,520,0.025,15.82,15.01,15.2,14.97
"103",105,198,530,0.07,15.86,15.12,15.26,15.02
"104",105,198,540,0.157,15.84,15.16,15.22,15.07
"105",105,198,550,0.407,16.01,15.32,15.38,15.21
"106",105,198,600,0.58,16.34,15.77,15.94,15.7
"107",105,198,610,0.828,16.33,15.85,15.9,15.61
"108",105,198,620,2.145,15.97,15.14,15.42,14.82
"109",105,198,630,2.67,15.97,15.01,15.2,14.68
"110",105,198,640,2.493,16.12,15.46,15.36,15.11
"111",105,198,650,2.534,16.24,15.8,15.92,15.53
"112",105,198,700,4.489,15.82,15.33,15.34,14.53
"113",105,198,710,6.376,15.66,15.05,14.72,14.46
"114",105,198,720,6.323,16.09,15.33,15.39,14.71
"115",105,198,730,6.248,16.47,15.79,16.08,15.14
"116",105,198,740,8.36,17.05,16.96,17.04,16.29
"117",105,198,750,8.43,17.21,17.46,17.4,16.97
"118",105,198,800,9.63,17.5,18.08,18.01,17.75
"119",105,198,810,9.06,17.67,18.33,18.38,18.2
"120",105,198,820,8.97,17.92,18.72,18.84,18.67
"121",105,198,830,9.52,18.01,18.8,18.83,18.77
"122",105,198,840,12.61,18.36,19.43,19.25,19.29
"123",105,198,850,43.99,21.94,27.45,23.19,24.15
"124",105,198,900,62.78,24.57,33.52,26.92,28.84
"125",105,198,910,42.02,23.63,29.95,27.01,27.71
"126",105,198,920,26.82,22.04,25.59,24.88,25.07
"127",105,198,930,21.42,20.68,23.24,22.02,22.79
"128",105,198,940,40.72,22.79,27.72,23.89,26.49
"129",105,198,950,45.06,24.51,31.77,27.17,30.2
"130",105,198,1000,63.22,25.74,34.44,28.83,32.81
"131",105,198,1010,36.38,23.32,29.05,25.39,27.74
"132",105,198,1020,64.44,25.83,35.09,28.18,32.79
"133",105,198,1030,72.9,27.26,38.11,30.05,35.05
"134",105,198,1040,77.7,27.94,39.41,31.98,36.8
"135",105,198,1050,75,28.42,39.77,33.92,36.72
"136",105,198,1100,68.15,27.74,37.56,33.95,36.3
"137",105,198,1110,81.1,29.37,41.43,34.61,39.02
"138",105,198,1120,84.2,29.13,41.6,35.25,38.12
"139",105,198,1130,87.8,30.41,43.09,37.57,39.68
"140",105,198,1140,74,29.05,39.63,36.19,36.16
"141",105,198,1150,73.9,29.23,39.67,37.74,36.54
"142",105,198,1200,65.64,28.93,38.82,37.74,36.39
"143",105,198,1210,61.96,28.48,36.77,35.64,33.5
"144",105,198,1220,81.6,30.35,41.38,40.63,36.92
"145",105,198,1230,88.6,30.4,41.49,40.81,35.92
"146",105,198,1240,96.2,31.62,44.07,43.86,36.44
"147",105,198,1250,88.3,32.08,43.64,43.94,36.5
"148",105,198,1300,88.2,32.8,44.17,45.44,37.09
"149",105,198,1310,92.7,32.35,43.51,45.01,36.26
"150",105,198,1320,94,31.96,43.14,44.71,34.79
"151",105,198,1330,95.1,31.82,42.85,44.41,34.39
"152",105,198,1340,96.6,31.38,42.4,44.24,34.06
"153",105,198,1350,96.2,32.67,43.14,45.85,35.57
"154",105,198,1400,93.8,31.93,42.19,44.71,41.26
"155",105,198,1410,61.17,29.88,37.29,39.09,35.91
"156",105,198,1420,92.9,31.76,40.12,43.06,36.14
"157",105,198,1430,85.7,31.92,41.75,44.96,36.84
"158",105,198,1440,92.9,33.93,43.53,47.7,39.53
"159",105,198,1450,82.3,32.83,41.89,45.3,37.06
"160",105,198,1500,59.24,30.67,36.59,39.36,33.89
"161",105,198,1510,89.3,33.51,41.84,46.74,37.64
"162",105,198,1520,85.6,32.83,41.74,46.57,37.35
"163",105,198,1530,81.4,32.78,40.68,45.3,36.35
"164",105,198,1540,78.3,32.8,39.91,45.32,35.96
"165",105,198,1550,75.5,32.3,38.79,43.6,36.62
"166",105,198,1600,73.8,32.31,38.53,42.87,36.39
"167",105,198,1610,68.43,32,37.49,41.54,35.76
"168",105,198,1620,69.26,31.99,37.13,41.63,35.46
"169",105,198,1630,66.05,31,35.47,38.23,34.26
"170",105,198,1640,62.9,30.77,34.89,37.8,35.31
"171",105,198,1650,59.98,30.39,33.91,36.95,34.56
"172",105,198,1700,57.16,29.87,32.94,35.92,35.27
"173",105,198,1710,54.2,29.54,32.18,34.81,35.54
"174",105,198,1720,51.06,28.77,31.05,33.07,35.29
"175",105,198,1730,48.25,28.04,29.87,31.34,35.93
"176",105,198,1740,45.27,27.82,29.12,30.72,35.8
"177",105,198,1750,41.91,27.26,28.27,29.53,34.35
"178",105,198,1800,30.39,26.58,27.12,28.25,33.5
"179",105,198,1810,31.45,26.21,25.74,27.24,32.7
"180",105,198,1820,29.67,26,25.29,26.67,31.7
"181",105,198,1830,14.27,25.42,24.62,25.87,30.85
"182",105,198,1840,4.683,24.95,24.07,25.33,29.99
"183",105,198,1850,4.274,24.2,23.44,24.56,29.2
"184",105,198,1900,4.128,23.66,22.71,23.76,28.14
"185",105,198,1910,3.328,22.8,21.97,22.92,25.97
"186",105,198,1920,3.677,21.96,21.5,22.07,24.75
"187",105,198,1930,2.832,21.46,20.78,21.42,24.25
"188",105,198,1940,2.378,20.8,20.26,20.79,23.39
"189",105,198,1950,2.105,20.27,19.66,20.29,22.14
"190",105,198,2000,1.855,19.75,19,19.66,20.96
"191",105,198,2010,1.592,19.26,18.36,18.89,20.02
"192",105,198,2020,1.318,18.92,17.97,18.29,18.47
"193",105,198,2030,0.994,18.42,17.39,17.55,17.56
"194",105,198,2040,0.651,18,16.89,17.05,17.1
"195",105,198,2050,0.329,17.77,16.57,16.76,16.78
"196",105,198,2100,0.149,17.58,16.44,16.61,16.66
"197",105,198,2110,0.034,17.24,16.01,16.14,16.15
"198",105,198,2120,0,16.95,15.73,15.86,15.85
"199",105,198,2130,-0.011,16.73,15.54,15.71,15.76
"200",105,198,2140,-0.018,16.57,15.34,15.47,15.5
"201",105,198,2150,-0.017,16.33,15.07,15.27,15.29
"202",105,198,2200,-0.016,16.27,15.12,15.3,15.33
"203",105,198,2210,-0.016,16.01,14.73,14.84,14.86
"204",105,198,2220,-0.016,15.83,14.6,14.72,14.73
"205",105,198,2230,-0.016,15.89,14.59,14.76,14.77
"206",105,198,2240,-0.015,15.78,14.56,14.66,14.67
"207",105,198,2250,-0.015,15.53,14.32,14.47,14.48
"208",105,198,2300,-0.007,15.48,14.27,14.44,14.46
"209",105,198,2310,-0.011,15.35,14.12,14.36,14.38
"210",105,198,2320,-0.006,15.33,14.17,14.34,14.37
"211",105,198,2330,-0.011,15.06,13.88,14.05,14.06
"212",105,198,2340,-0.011,14.77,13.54,13.74,13.71
"213",105,198,2350,-0.012,14.52,13.29,13.48,13.54
"214",105,199,0,-0.011,14.33,13.04,13.24,13.29
"215",105,199,10,-0.006,14.11,12.83,13.02,13.05
"216",105,199,20,-0.007,14.06,12.72,12.93,13
"217",105,199,30,-0.007,14.14,12.85,13.09,13.13
"218",105,199,40,-0.005,14.02,12.74,12.95,13.01
"219",105,199,50,-0.009,13.8,12.44,12.59,12.63
"220",105,199,100,-0.009,13.68,12.32,12.44,12.45
"221",105,199,110,-0.009,13.27,11.88,12.02,12.05
"222",105,199,120,-0.008,13.15,11.73,11.85,11.86
"223",105,199,130,-0.01,13.06,11.74,11.95,11.99
"224",105,199,140,-0.007,12.99,11.66,11.95,12.01
"225",105,199,150,-0.003,12.33,11.02,11.24,11.29
"226",105,199,200,-0.003,12.23,10.82,11.09,11.11
"227",105,199,210,-0.008,12.57,11.16,11.41,11.45
"228",105,199,220,-0.003,12.46,11.06,11.31,11.32
"229",105,199,230,-0.004,11.94,10.61,10.79,10.84
"230",105,199,240,-0.004,11.94,10.58,10.77,10.79
"231",105,199,250,-0.008,11.19,10,10.12,10.16
"232",105,199,300,-0.006,10.99,9.69,9.76,9.8
"233",105,199,310,-0.004,11.04,9.7,9.86,9.9
"234",105,199,320,-0.002,10.86,9.54,9.63,9.66
"235",105,199,330,-0.001,10.53,9.23,9.28,9.37
"236",105,199,340,-0.003,10.54,9.19,9.2,9.19
"237",105,199,350,0,10.22,8.87,8.96,8.99
"238",105,199,400,0,9.8,8.46,8.44,8.44
"239",105,199,410,0,9.42,8.04,8.11,8.18
"240",105,199,420,0,8.11,6.767,6.636,6.888
"241",105,199,430,-0.001,7.52,6.469,6.443,6.545
"242",105,199,440,0,5.525,4.687,4.599,4.65
"243",105,199,450,0,3.712,2.72,2.569,2.779
"244",105,199,500,0.005,3.356,2.368,2.211,2.351
"245",105,199,510,0.046,3.225,2.186,2.045,2.259
"246",105,199,520,0.178,2.97,1.902,1.764,1.965
"247",105,199,530,0.403,5.654,4.337,4.288,4.378
"248",105,199,540,0.658,5.413,4.609,4.485,4.475
"249",105,199,550,0.885,4.14,3.347,3.256,3.25
"250",105,199,600,1.14,4.179,3.409,3.323,3.269
"251",105,199,610,1.505,4.469,3.66,3.586,3.491
"252",105,199,620,5.587,6.642,5.496,5.671,5.307
"253",105,199,630,7.2,9.34,8.26,9.38,7.96
"254",105,199,640,6.605,7.8,6.987,7.91,6.742
"255",105,199,650,15.49,11.54,10.83,13.77,10
"256",105,199,700,18.55,13.4,12.69,15.99,12.32
"257",105,199,710,20.58,14.57,13.95,17.45,13.66
"258",105,199,720,18.31,15.21,15.24,17.17,14.41
"259",105,199,730,24.27,16.02,18.16,18.51,15.3
"260",105,199,740,27.49,16.76,21.86,20.33,16.94
"261",105,199,750,31.07,17.56,22.85,20.86,18.95
"262",105,199,800,33.88,18.66,24.63,21.49,20.47
"263",105,199,810,36.7,19.48,26.29,22.25,21.65
"264",105,199,820,39.58,20.02,27.52,22.64,22.53
"265",105,199,830,42.48,20.77,28.93,23.51,23.52
"266",105,199,840,45.25,20.87,29.57,23.58,24.21
"267",105,199,850,47.97,21.58,30.8,24.61,25.51
"268",105,199,900,50.72,22.08,32.17,25.43,26.34
"269",105,199,910,53.45,22.58,32.73,26.37,24.51
"270",105,199,920,56.06,23.13,33.73,26.91,24
"271",105,199,930,58.63,23.39,34.53,27.82,28.62
"272",105,199,940,61.27,23.91,35.16,28.1,30.17
"273",105,199,950,63.69,24.69,36.18,29.28,31.05
"274",105,199,1000,65.98,25.02,35.81,29.5,31.68
"275",105,199,1010,68.37,25.54,36.21,29.75,32.44
"276",105,199,1020,70.7,25.67,37.74,30.37,32.96
"277",105,199,1030,72.8,26.11,38.18,30.58,33.52
"278",105,199,1040,74.7,26.1,38.91,31.04,33.89
"279",105,199,1050,76.7,26.29,39.42,31.98,34.53
"280",105,199,1100,78.4,27.18,40.43,33.06,35.85
"281",105,199,1110,80.1,27.6,40.3,33.82,36.2
"282",105,199,1120,81.7,28.55,41.51,35.99,37.32
"283",105,199,1130,81.2,28,40.63,35.91,37.11
"284",105,199,1140,84.7,28.45,41.4,38.02,38.42
"285",105,199,1150,85.7,28.95,42.88,39.66,39.54
"286",105,199,1200,86.6,29.44,42.85,40.14,39.29
"287",105,199,1210,87.7,29.31,42.56,39.71,39.46
"288",105,199,1220,88.4,30.08,42.36,40.85,39.97
"289",105,199,1230,89.3,29.25,42.84,41.34,40.05
"290",105,199,1240,89.8,29.33,42.55,41.86,40.16
"291",105,199,1250,90.1,29.81,41.93,41.21,39.88
"292",105,199,1300,90.2,30.08,42.83,41.91,40.2
"293",105,199,1310,90.2,29.44,41.73,40.98,39.59
"294",105,199,1320,90.4,30.05,41.29,41.19,40.06
"295",105,199,1330,90.5,30.68,42.49,42.43,41.45
"296",105,199,1340,90.1,30.97,42.76,42.65,41.2
"297",105,199,1350,88.3,30.62,41.28,41.6,39.54
"298",105,199,1400,88.7,30.43,41.92,42.32,39.85
"299",105,199,1410,87.5,30.67,41.85,42.29,40.54
"300",105,199,1420,87.3,30.76,41.19,42.2,39.99
"301",105,199,1430,85.5,30.47,40.84,41.81,39.43
"302",105,199,1440,85,30.94,40.59,41.64,38.86
"303",105,199,1450,83.8,30.31,40.28,42.3,39.09
"304",105,199,1500,82,30.57,40.15,42.22,38.74
"305",105,199,1510,80.8,31.94,40.9,44.01,39.67
"306",105,199,1520,79.3,31.62,40.77,44.04,39.23
"307",105,199,1530,77.3,31.29,39.84,43.71,37.11
"308",105,199,1540,75.4,31.05,39.26,42.84,36.47
"309",105,199,1550,73.5,31.27,38.78,42.63,36.7
"310",105,199,1600,71.1,31.12,38.6,42.96,36.98
"311",105,199,1610,68.76,30.82,37.49,42.2,36.69
"312",105,199,1620,66.8,30.91,37.35,42.15,36.61
"313",105,199,1630,64.47,30.84,36.69,41.89,36.63
"314",105,199,1640,61.9,30.64,36.15,41.5,36.63
"315",105,199,1650,59.23,30,34.95,40.7,36.42
"316",105,199,1700,56.55,30.3,34.64,40.51,37.3
"317",105,199,1710,53.7,29.88,33.75,39.84,37.1
"318",105,199,1720,50.93,30.01,33.13,39.31,36.94
"319",105,199,1730,48.22,30.07,32.51,38.33,36.53
"320",105,199,1740,43.5,29.35,32.08,37.98,36.39
"321",105,199,1750,42.08,28.45,30.26,35.8,35.21
"322",105,199,1800,36.62,28.48,29.76,35.47,35.64
"323",105,199,1810,29.17,28.06,27.51,33.97,34.3
"324",105,199,1820,32.44,28.11,26.86,32.98,34.01
"325",105,199,1830,15.32,28.06,26.73,32.29,33.64
"326",105,199,1840,6.07,26.58,25.55,29.44,30.89
"327",105,199,1850,5.793,26.68,25.42,29.67,31.43
"328",105,199,1900,6.064,26.45,24.84,28.72,30.55
"329",105,199,1910,4.351,25.43,24.17,27.54,28.45
"330",105,199,1920,4.436,24.5,23.83,26.08,27.89
"331",105,199,1930,3.41,23.81,22.94,24.67,26.83
"332",105,199,1940,2.635,22.86,21.79,23.31,25.23
"333",105,199,1950,2.191,21.35,20.39,22.02,23.69
"334",105,199,2000,1.903,19.82,18.72,20.09,21.77
"335",105,199,2010,1.612,17.81,16.95,18.06,18.95
"336",105,199,2020,1.294,15.91,15.25,15.78,16.03
"337",105,199,2030,0.926,14.46,13.59,13.66,13.92
"338",105,199,2040,0.608,13.31,12.56,12.55,12.77
"339",105,199,2050,0.327,12.22,11.47,11.44,11.66
"340",105,199,2100,0.163,11.39,10.63,10.58,10.72
"341",105,199,2110,0.059,10.97,10.17,10.09,10.28
"342",105,199,2120,0.006,10.76,9.84,9.71,9.85
"343",105,199,2130,0,14.26,12.19,12.45,12.32
"344",105,199,2140,-0.002,17.26,14.56,15.19,14.65
"345",105,199,2150,-0.017,18.93,16.65,17.41,16.83
"346",105,199,2200,-0.018,18.67,16.95,17.36,17
"347",105,199,2210,-0.018,18.53,17.01,17.44,17.16
"348",105,199,2220,-0.014,18.54,17.18,17.61,17.37
"349",105,199,2230,-0.015,18.58,17.2,17.64,17.44
"350",105,199,2240,-0.015,18.61,17.34,17.73,17.6
"351",105,199,2250,-0.014,18.76,17.59,17.86,17.8
"352",105,199,2300,-0.012,18.44,17.26,17.48,17.43
"353",105,199,2310,-0.012,18.19,17.02,17.33,17.28
"354",105,199,2320,-0.011,17.81,16.56,16.78,16.64
"355",105,199,2330,-0.01,17.67,16.45,16.63,16.51
"356",105,199,2340,-0.011,17.55,16.27,16.44,16.31
"357",105,199,2350,-0.008,17.44,16.24,16.45,16.34
"358",105,200,0,-0.01,17.45,16.27,16.57,16.51
"359",105,200,10,-0.006,17.15,15.99,16.25,16.22
"360",105,200,20,-0.007,16.55,15.41,15.77,15.73
"361",105,200,30,-0.008,15.56,14.5,14.71,14.72
"362",105,200,40,-0.012,15.1,13.99,14.24,14.2
"363",105,200,50,-0.002,14.94,13.77,14.05,14.01
"364",105,200,100,-0.005,14.33,13.15,13.35,13.3
"365",105,200,110,-0.002,14.34,13.08,13.22,13.17
"366",105,200,120,-0.007,14.76,13.38,13.61,13.52
"367",105,200,130,-0.003,15.14,13.7,14.05,13.94
"368",105,200,140,-0.007,15.57,14.17,14.5,14.4
"369",105,200,150,-0.004,15.31,14.07,14.36,14.3
"370",105,200,200,-0.003,15.18,13.87,14.12,14.02
"371",105,200,210,-0.004,15.06,13.73,14.02,13.91
"372",105,200,220,-0.004,14.78,13.5,13.8,13.71
"373",105,200,230,-0.003,14.89,13.6,13.84,13.76
"374",105,200,240,-0.002,14.5,13.17,13.43,13.35
"375",105,200,250,-0.004,14.56,13.32,13.62,13.52
"376",105,200,300,-0.003,13.03,11.92,12.05,12.04
"377",105,200,310,-0.005,13.2,11.99,12.09,12.05
"378",105,200,320,-0.006,13.39,12.22,12.44,12.4
"379",105,200,330,-0.006,13.17,11.93,12.13,12.09
"380",105,200,340,-0.003,12.92,11.59,11.81,11.74
"381",105,200,350,-0.004,13.31,11.86,12.2,12.1
"382",105,200,400,-0.003,13.6,12.2,12.54,12.43
"383",105,200,410,-0.003,13.73,12.33,12.58,12.49
"384",105,200,420,-0.004,13.64,12.34,12.64,12.58
"385",105,200,430,-0.006,13.45,12.04,12.27,12.18
"386",105,200,440,-0.004,13.45,12.11,12.31,12.22
"387",105,200,450,-0.003,13.15,11.82,12.16,12.07
"388",105,200,500,0,12.79,11.43,11.7,11.65
"389",105,200,510,0.062,12.08,10.75,10.93,10.88
"390",105,200,520,0.183,12.07,10.7,10.91,10.81
"391",105,200,530,0.398,11.72,10.41,10.58,10.52
"392",105,200,540,0.752,11.96,10.58,10.85,10.71
"393",105,200,550,1.112,12.15,10.74,10.96,10.81
"394",105,200,600,1.466,12.42,11.15,11.32,11.2
"395",105,200,610,1.778,12.66,11.41,11.54,11.37
"396",105,200,620,4.138,13.03,11.85,12.29,11.9
"397",105,200,630,8.45,13.83,12.89,14.53,12.87
"398",105,200,640,12.1,14.88,14.04,15.76,13.78
"399",105,200,650,14.71,15.68,15.35,16.76,14.96
"400",105,200,700,17.2,16.54,16.56,17.76,16.5
"401",105,200,710,19.84,17.35,17.83,18.75,17.61
"402",105,200,720,20.69,18.42,19.52,19.64,18.63
"403",105,200,730,25.19,19.44,22.16,20.76,19.73
"404",105,200,740,28.09,20.22,24.58,21.71,20.67
"405",105,200,750,31,21.31,26.88,22.85,21.68
"406",105,200,800,33.8,21.61,28,23.46,22.36
"407",105,200,810,36.71,21.95,29.25,24.15,23
"408",105,200,820,39.62,22.43,30.4,24.55,23.43
"409",105,200,830,42.49,23.08,31.71,25.38,24.47
"410",105,200,840,45.24,22.79,31.47,25.4,26.14
"411",105,200,850,48.12,23.53,32.43,26.87,26.65
"412",105,200,900,51.02,24.36,34.05,28.39,27.96
"413",105,200,910,53.82,24.15,34.21,28.95,26.05
"414",105,200,920,56.55,25.05,35.1,29.62,26.19
"415",105,200,930,59.15,25.94,36.57,31.49,30.84
"416",105,200,940,61.77,26.78,37.74,32.14,31.62
"417",105,200,950,64.32,27.06,38.36,33.28,32.76
"418",105,200,1000,66.85,27.63,38.38,34.43,34.04
"419",105,200,1010,69.08,27.82,38.85,34.86,34.23
"420",105,200,1020,71.2,28.4,40.03,35.94,34.92
"421",105,200,1030,73.4,28.45,40.66,36.74,35.79
"422",105,200,1040,75.7,28.31,41.65,38.05,36.22
"423",105,200,1050,77.6,28.78,42.2,39.3,37.09
"424",105,200,1100,79.6,29.33,42.85,40.46,38.23
"425",105,200,1110,81.2,29.51,43.67,41.82,39.17
"426",105,200,1120,82.5,29.41,43.47,41.68,38.59
"427",105,200,1130,84,30.29,43.96,43.27,39.91
"428",105,200,1140,85.5,30.34,44.23,43.45,40.6
"429",105,200,1150,86.5,30.96,44.63,43.89,41.03
"430",105,200,1200,87.9,31.63,45.05,44.47,41.38
"431",105,200,1210,88.9,30.75,44.81,44.27,40.96
"432",105,200,1220,89.6,31.42,45.43,44.39,41.13
"433",105,200,1230,90.3,31.48,45.01,44.52,41.61
"434",105,200,1240,90.7,31.72,45.23,44.54,41.62
"435",105,200,1250,91,32.62,45.81,45.44,42.34
"436",105,200,1300,91.5,32.41,45.64,45.69,42.92
"437",105,200,1310,91.5,32.69,45.41,46.27,42.98
"438",105,200,1320,91.8,33.59,45.86,46.09,43.2
"439",105,200,1330,91.4,31.95,44.51,44.24,41.38
"440",105,200,1340,90.9,31.56,43.45,43.77,40.69
"441",105,200,1350,90.6,32.37,43.66,43.9,40.92
"442",105,200,1400,90,32.13,43.76,44.66,41.68
"443",105,200,1410,89.1,32.24,43.38,44.25,41.76
"444",105,200,1420,88.1,32.19,43.28,44.69,41.69
"445",105,200,1430,87.1,32.01,42.37,44.42,40.95
"446",105,200,1440,86.2,32.44,43.29,45.41,41.13
"447",105,200,1450,84.9,32.61,43.1,45.4,40.64
"448",105,200,1500,83.5,32.76,42.85,45.41,39.99
"449",105,200,1510,80,32.58,42.05,45.01,39.6
"450",105,200,1520,80.3,33.19,42.27,45.6,40.16
"451",105,200,1530,78.6,33.43,41.74,45.61,39.26
"452",105,200,1540,76.6,33.23,40.72,44.61,37.9
"453",105,200,1550,74.4,32.95,39.29,43.39,36.46
"454",105,200,1600,72,32.56,39.03,43.35,36.86
"455",105,200,1610,69.89,32.48,38.24,42.73,37.1
"456",105,200,1620,67.53,32.97,38.8,43.36,38.13
"457",105,200,1630,64.78,31.8,37.67,42.04,38.42
"458",105,200,1640,62.24,32.56,37.55,42.16,39.65
"459",105,200,1650,59.77,32.37,36.6,41.42,39.79
"460",105,200,1700,57.18,32.17,36.13,40.51,39.88
"461",105,200,1710,54.15,31.6,34.96,39.02,38.92
"462",105,200,1720,51.39,31.7,34.34,38.2,38.6
"463",105,200,1730,48.61,32.31,34.03,37.47,38.74
"464",105,200,1740,45.52,31.75,32.99,36.2,37.64
"465",105,200,1750,42.82,32.18,32.63,35.35,37.43
"466",105,200,1800,35.59,31.3,31.17,33.86,36.54
"467",105,200,1810,27.8,31.58,29.55,33.25,36.42
"468",105,200,1820,31.47,31.24,29.05,32.41,35.74
"469",105,200,1830,11.13,30.25,28.36,31.72,35
"470",105,200,1840,3.819,28.98,26.95,30.21,33.14
"471",105,200,1850,3.339,28.29,26.25,29.13,31.55
"472",105,200,1900,4.905,28.98,26.17,28.71,31.43
"473",105,200,1910,2.856,28.15,25.81,28.18,29.86
"474",105,200,1920,2.645,26.82,25.8,26.77,28.01
"475",105,200,1930,2.385,26.06,25.16,25.98,27.36
"476",105,200,1940,2.082,25.36,24.44,25.26,26.59
"477",105,200,1950,1.835,24.65,23.68,24.64,25.65
"478",105,200,2000,1.644,23.96,22.96,23.86,25.46
"479",105,200,2010,1.429,23.33,22.1,22.8,23.5
"480",105,200,2020,1.184,22.62,21.33,21.68,21.63
"481",105,200,2030,0.906,22.26,20.94,21.23,21.11
"482",105,200,2040,0.618,21.84,20.56,20.87,20.75
"483",105,200,2050,0.332,21.34,20.04,20.29,20.18
"484",105,200,2100,0.142,20.66,19.24,19.47,19.3
"485",105,200,2110,0.044,20.35,18.9,18.95,18.74
"486",105,200,2120,0,20.07,18.59,18.69,18.52
"487",105,200,2130,-0.002,19.87,18.44,18.61,18.48
"488",105,200,2140,-0.011,19.7,18.28,18.43,18.34
"489",105,200,2150,-0.011,19.47,18.14,18.26,18.15
"490",105,200,2200,-0.015,19.2,17.9,18.09,17.98
"491",105,200,2210,-0.017,18.95,17.61,17.84,17.79
"492",105,200,2220,-0.019,18.71,17.34,17.57,17.5
"493",105,200,2230,-0.02,18.43,17.14,17.36,17.32
"494",105,200,2240,-0.02,18.28,16.9,17.15,17.12
"495",105,200,2250,-0.019,17.89,16.54,16.85,16.78
"496",105,200,2300,-0.02,17.58,16.22,16.46,16.43
"497",105,200,2310,-0.018,17.36,16.01,16.25,16.19
"498",105,200,2320,-0.011,17.19,15.79,16,15.93
"499",105,200,2330,-0.016,16.81,15.41,15.67,15.58
"500",105,200,2340,-0.016,16.13,14.87,15.08,15.01
"501",105,200,2350,-0.012,15.68,14.39,14.57,14.51
"502",105,201,0,-0.01,15.88,14.43,14.65,14.6
"503",105,201,10,-0.005,14.95,13.57,13.76,13.67
"504",105,201,20,0,14.83,13.43,13.72,13.64
"505",105,201,30,0,14.71,13.36,13.51,13.45
"506",105,201,40,0,14.23,12.84,13.07,13
"507",105,201,50,0,13.8,12.33,12.49,12.38
"508",105,201,100,0,13.35,11.7,11.59,11.54
"509",105,201,110,0,13.65,12.1,12.25,12.14
"510",105,201,120,0,13.45,12.07,12.3,12.24
"511",105,201,130,0,14.3,12.79,13.06,12.94
"512",105,201,140,0,13.92,12.54,12.77,12.72
"513",105,201,150,0,13.68,12.33,12.52,12.48
"514",105,201,200,0,13.31,12.08,12.21,12.18
"515",105,201,210,0,13.06,11.83,11.97,11.91
"516",105,201,220,-0.003,12.83,11.57,11.76,11.7
"517",105,201,230,-0.004,12.98,11.57,11.81,11.71
"518",105,201,240,-0.008,13.25,11.83,12.03,11.93
"519",105,201,250,-0.014,13.26,11.98,12.16,12.07
"520",105,201,300,-0.018,12.59,11.34,11.52,11.47
"521",105,201,310,-0.018,12.87,11.3,11.56,11.5
"522",105,201,320,-0.02,13.62,11.96,12.19,12.05
"523",105,201,330,-0.019,13.38,11.93,12.08,11.97
"524",105,201,340,-0.018,12.61,11.25,11.41,11.33
"525",105,201,350,-0.019,12.66,11.16,11.54,11.44
"526",105,201,400,-0.019,12.46,11.01,11.28,11.24
"527",105,201,410,-0.018,12.71,11.2,11.34,11.28
"528",105,201,420,-0.019,13.22,11.67,11.97,11.86
"529",105,201,430,-0.02,12.89,11.48,11.76,11.7
"530",105,201,440,-0.018,12.05,10.79,10.9,10.81
"531",105,201,450,-0.018,11.72,10.28,10.51,10.4
"532",105,201,500,-0.002,12.5,10.89,11.2,11.08
"533",105,201,510,0.047,12.36,10.97,11.3,11.22
"534",105,201,520,0.167,12.98,11.49,11.78,11.65
"535",105,201,530,0.371,12.86,11.5,11.79,11.69
"536",105,201,540,0.691,13.28,11.99,12.34,12.22
"537",105,201,550,1.042,12.76,11.63,11.79,11.64
"538",105,201,600,1.392,12.43,11.22,11.33,11.19
"539",105,201,610,1.711,12.69,11.63,11.85,11.7
"540",105,201,620,4.609,12.98,11.89,12.23,11.89
"541",105,201,630,8.65,13.89,12.96,14.36,12.73
"542",105,201,640,11.66,14.53,13.92,15.3,13.44
"543",105,201,650,14.37,15.07,14.87,16.35,14.38
"544",105,201,700,16.82,15.9,16.04,17.35,15.94
"545",105,201,710,19.42,17.01,17.87,18.43,17.3
"546",105,201,720,20.64,18.45,20.99,19.78,18.8
"547",105,201,730,24.43,19.19,23.15,20.64,19.68
"548",105,201,740,25.78,20.36,25.58,21.89,20.86
"549",105,201,750,30.63,20.79,27.14,22.61,21.65
"550",105,201,800,33.53,21.54,28.37,23.55,23.2
"551",105,201,810,36.19,21.87,28.77,24.01,23.56
"552",105,201,820,39.05,23.06,31.16,25.85,25.2
"553",105,201,830,42.01,23.93,32.51,27.11,26.48
"554",105,201,840,44.93,24.1,33.11,27.68,26.95
"555",105,201,850,47.64,24.88,34.45,29.18,28.25
"556",105,201,900,50.56,25.31,35.37,30.28,28.76
"557",105,201,910,53.36,25.71,36.34,31.5,26.8
"558",105,201,920,56.1,27.01,37.44,32.79,28.15
"559",105,201,930,58.75,27.54,38.43,33.81,31.8
"560",105,201,940,61.37,27.7,38.93,34.83,32.72
"561",105,201,950,63.73,27.52,38.31,35.13,33.13
"562",105,201,1000,66.47,28.73,38.73,36.71,34.68
"563",105,201,1010,68.78,29.1,40.28,37.91,35.69
"564",105,201,1020,70.8,29.88,41.11,38.95,36.42
"565",105,201,1030,73,30.14,41.75,39.77,36.84
"566",105,201,1040,75.1,29.65,42.12,40.62,36.98
"567",105,201,1050,77.1,30.61,43.43,42.4,38.51
"568",105,201,1100,79.3,30.62,44.23,43.03,38.7
"569",105,201,1110,81.2,31.43,45.04,44.33,39.78
"570",105,201,1120,82.8,31.34,44.5,43.57,39.82
"571",105,201,1130,84.5,32.18,45.33,45.2,41.06
"572",105,201,1140,85.7,32.35,45.12,44.99,40.88
"573",105,201,1150,87,32.22,44.93,44.49,40.3
"574",105,201,1200,88.3,32.68,44.77,44.74,41
"575",105,201,1210,89.3,33.23,46.22,46.06,41.93
"576",105,201,1220,89.7,33.95,46.73,47.24,43.19
"577",105,201,1230,90.6,34.28,46.42,46.95,43.96
"578",105,201,1240,91.3,33.58,45.85,46.23,42.71
"579",105,201,1250,91.6,33.82,46.23,46.73,42.62
"580",105,201,1300,91.9,35.81,48.01,49.16,45.91
"581",105,201,1310,92.2,35.01,47.69,48.27,45.17
"582",105,201,1320,92,34.95,47.22,48.19,44.28
"583",105,201,1330,91.9,34.04,46.35,47.53,43.38
"584",105,201,1340,92.1,35.33,46.26,47.71,43.05
"585",105,201,1350,91.6,35.83,47.25,49.44,41.94
"586",105,201,1400,91.2,35.48,46.85,48.98,40.9
"587",105,201,1410,90.3,36.04,46.69,49.21,42.49
"588",105,201,1420,89,36.63,46.76,49.39,45.56
"589",105,201,1430,87.8,36.28,46.33,49.28,44.88
"590",105,201,1440,86.5,35.47,45.44,49.05,43.72
"591",105,201,1450,85,35.45,45.26,48.73,42.92
"592",105,201,1500,83.5,34.57,44.24,47.8,41.82
"593",105,201,1510,82,35.56,44.12,48.12,41.03
"594",105,201,1520,80.3,35.02,43.55,47.73,40.72
"595",105,201,1530,78.3,34.91,42.8,47.31,40.06
"596",105,201,1540,76,34.42,40.51,44.93,38.12
"597",105,201,1550,73.8,34.39,41.39,46.13,38.55
"598",105,201,1600,71.6,35.27,41.71,47.3,39.22
"599",105,201,1610,69.33,35.05,41.57,47.06,39.57
"600",105,201,1620,66.96,36.11,41.27,47.44,40.67
"601",105,201,1630,64.62,36.35,41.32,47.76,41.98
"602",105,201,1640,62.35,36.11,40.91,47.32,42.78
"603",105,201,1650,59.79,35.53,39.78,46.18,43.11
"604",105,201,1700,57.13,35.66,39.35,46.14,43.28
"605",105,201,1710,54.39,35.15,38.42,45.23,43.05
"606",105,201,1720,51.38,35.62,37.79,44.17,42.82
"607",105,201,1730,48.24,35.56,36.99,42.95,42.43
"608",105,201,1740,45.22,35.39,36.15,41.79,41.33
"609",105,201,1750,42.19,35.39,35.77,41.37,41.59
"610",105,201,1800,33.56,34.45,34.38,39.42,40.13
"611",105,201,1810,12.12,31.28,29.87,32.14,32.75
"612",105,201,1820,23.59,32.14,29.96,33.93,34.95
"613",105,201,1830,19.23,33.63,32.55,37.32,39.41
"614",105,201,1840,11.13,32.11,31.83,35.17,37.16
"615",105,201,1850,7.35,28.71,28.64,30.25,31.34
"616",105,201,1900,4.889,25.23,25.33,25.66,25.82
"617",105,201,1910,4.994,24.33,23.43,23.98,23.93
"618",105,201,1920,6.176,24.23,23.22,23.75,23.71
"619",105,201,1930,5.896,26.61,25.35,25.92,25.76
"620",105,201,1940,5.067,26.86,26.09,26.64,27.16
"621",105,201,1950,5.527,27.41,26.88,27.89,29.57
"622",105,201,2000,5.261,26.84,26.39,26.97,27.51
"623",105,201,2010,3.495,26.17,25.23,25.79,26.02
"624",105,201,2020,2.371,25.53,24.29,24.72,24.53
"625",105,201,2030,1.215,25.24,23.8,24.01,23.74
"626",105,201,2040,0.621,24.89,23.36,23.56,23.29
"627",105,201,2050,0.292,24.51,22.99,23.14,22.89
"628",105,201,2100,0.193,24.06,22.52,22.72,22.48
"629",105,201,2110,0.033,23.87,22.36,22.48,22.22
"630",105,201,2120,0.004,23.79,22.28,22.49,22.26
"631",105,201,2130,-0.011,23,21.53,21.74,21.54
"632",105,201,2140,-0.015,22.94,21.33,21.68,21.4
"633",105,201,2150,-0.007,22.97,21.52,21.82,21.56
"634",105,201,2200,-0.003,22.84,21.44,21.78,21.55
"635",105,201,2210,-0.002,22.47,20.98,21.29,21.02
"636",105,201,2220,-0.006,22.2,20.66,21.04,20.76
"637",105,201,2230,-0.011,22.08,20.54,20.86,20.61
"638",105,201,2240,-0.009,21.87,20.32,20.76,20.48
"639",105,201,2250,-0.008,21.86,20.28,20.67,20.37
"640",105,201,2300,-0.007,21.82,20.47,21.06,20.76
"641",105,201,2310,-0.005,20.93,19.62,20.07,19.8
"642",105,201,2320,-0.001,19.46,18.2,18.42,18.19
"643",105,201,2330,0,19.95,18.27,18.68,18.35
"644",105,201,2340,0,19.81,18.23,18.61,18.34
"645",105,201,2350,0,19.29,17.85,18.28,18.04
"646",105,202,0,0,17.8,16.16,16.39,16.29
"647",105,202,10,0,17.59,15.98,16.37,16.25
"648",105,202,20,0,19.21,17.12,17.77,17.5
"649",105,202,30,-0.004,20.66,19,19.52,19.21
"650",105,202,40,-0.018,20.86,19.39,19.82,19.53
"651",105,202,50,-0.02,20.32,19.07,19.52,19.3
"652",105,202,100,-0.02,19.11,17.81,18.23,18.02
"653",105,202,110,-0.019,18.75,17.28,17.77,17.54
"654",105,202,120,-0.02,18.16,16.84,17.24,17.01
"655",105,202,130,-0.016,18.47,17.02,17.53,17.26
"656",105,202,140,-0.017,19.42,18.05,18.49,18.28
"657",105,202,150,-0.019,19.2,17.92,18.2,18.01
"658",105,202,200,-0.019,18.82,17.57,18,17.83
"659",105,202,210,-0.019,18.64,17.26,17.63,17.38
"660",105,202,220,-0.017,18.48,17.14,17.64,17.43
"661",105,202,230,-0.02,18.19,16.86,17.29,17.06
"662",105,202,240,-0.019,18.01,16.57,17.04,16.81
"663",105,202,250,-0.02,17.97,16.51,16.99,16.76
"664",105,202,300,-0.02,17.05,15.73,16.21,15.99
"665",105,202,310,-0.02,16.43,15.23,15.62,15.45
"666",105,202,320,-0.02,15.32,14.16,14.5,14.39
"667",105,202,330,-0.02,15.33,13.92,14.25,14.1
"668",105,202,340,-0.02,15.61,14.16,14.55,14.35
"669",105,202,350,-0.019,15.56,14.19,14.53,14.3
"670",105,202,400,-0.02,14.92,13.7,13.99,13.81
"671",105,202,410,-0.02,14.36,12.96,13.22,13.08
"672",105,202,420,-0.02,14.17,12.83,13.08,12.93
"673",105,202,430,-0.019,14.37,13.09,13.37,13.16
"674",105,202,440,-0.019,13.92,12.58,12.76,12.59
"675",105,202,450,-0.02,14.2,12.79,13.13,12.9
"676",105,202,500,-0.007,14.93,13.36,13.84,13.61
"677",105,202,510,0.013,14.64,13.34,13.77,13.62
"678",105,202,520,0.087,14.41,13.02,13.23,13.12
"679",105,202,530,0.228,14.16,12.81,13.05,12.94
"680",105,202,540,0.486,13.73,12.43,12.67,12.5
"681",105,202,550,0.837,13.79,12.58,12.87,12.73
"682",105,202,600,1.05,14.24,13,13.37,13.12
"683",105,202,610,1.176,15.27,13.94,14.38,14.17
"684",105,202,620,4.131,15.81,14.55,15.11,14.63
"685",105,202,630,8.42,16.67,15.83,17.39,15.5
"686",105,202,640,10.58,17.24,16.9,17.91,16.16
"687",105,202,650,13.77,18.14,19.16,19.06,17.52
"688",105,202,700,16.74,18.44,20.99,19.76,18.78
"689",105,202,710,19.4,19.18,22.78,20.82,19.76
"690",105,202,720,22.08,19.75,24.69,21.6,20.66
"691",105,202,730,24.69,20.39,26.22,22.08,21.32
"692",105,202,740,28.54,21.01,27.81,22.59,22.06
"693",105,202,750,32.86,21.89,30.32,24.6,23.71
"694",105,202,800,32.37,22.98,30.66,25.2,24.45
"695",105,202,810,39.07,24.19,33.2,27.05,26.41
"696",105,202,820,41.66,25.13,34.45,27.93,27.39
"697",105,202,830,41.89,25.33,34.64,28.29,28.14
"698",105,202,840,42.42,25.56,34.3,28.33,28.07
"699",105,202,850,44.98,25.66,34.59,28.65,28.34
"700",105,202,900,47.92,26.82,36.47,29.96,29.46
"701",105,202,910,51.06,27.48,37.8,30.89,28.28
"702",105,202,920,54.24,27.68,39.05,31.17,28.5
"703",105,202,930,57.21,28.48,40.35,32.76,32.09
"704",105,202,940,60.17,28.67,41.25,33.71,33.19
"705",105,202,950,62.93,29.6,41.72,35.1,34.46
"706",105,202,1000,65.31,30.54,41.79,35.81,35.03
"707",105,202,1010,67.43,30.59,41.74,36.32,35.48
"708",105,202,1020,69.78,30.55,41.49,37.07,35.04
"709",105,202,1030,71.8,31.51,42.57,38.61,35.86
"710",105,202,1040,74.4,31.68,43.04,39.87,36.67
"711",105,202,1050,75.8,32.09,43.55,40.75,37.1
"712",105,202,1100,77.7,32.81,44.27,43.09,39.3
"713",105,202,1110,79.1,33.25,44.93,43.54,39.7
"714",105,202,1120,80.6,34.02,46.44,45.32,41.57
"715",105,202,1130,82.6,33.96,45.95,44.87,42.98
"716",105,202,1140,83.8,34.23,46.57,45.78,43.53
"717",105,202,1150,85.1,34.71,46.99,46.74,44.37
"718",105,202,1200,86.1,34.62,46.96,46.6,44.18
"719",105,202,1210,87,35.07,47.58,47.9,45.61
"720",105,202,1220,88,34.71,46.62,46.66,43.99
"721",105,202,1230,89.3,34.94,46.41,46.15,43.71
"722",105,202,1240,90.2,35.54,47.18,47.44,44.88
"723",105,202,1250,90,35.67,47.21,47.39,44.9
"724",105,202,1300,86.6,35.43,46.14,47.14,45.09
"725",105,202,1310,90.3,35.95,46.53,47.19,44.95
"726",105,202,1320,91.3,36.64,47.28,49,46.86
"727",105,202,1330,91.6,36.8,47.55,49.73,47.84
"728",105,202,1340,91.3,36.03,45.71,47.06,45.7
"729",105,202,1350,84.8,35.14,44.19,45.29,43.77
"730",105,202,1400,81.1,36.03,44.28,45.91,44.03
"731",105,202,1410,63.55,34.68,41.68,44.25,42.4
"732",105,202,1420,48.74,33.18,38.25,39.98,38.34
"733",105,202,1430,58.3,33.81,39.62,41.17,39.45
"734",105,202,1440,63.54,33.36,39.86,41.5,39.34
"735",105,202,1450,76.4,33.84,41.67,43.74,41.66
"736",105,202,1500,89.9,34.77,44.57,47.61,45.17
"737",105,202,1510,60.01,32.26,39.6,41.68,40.03
"738",105,202,1520,33.12,29.82,33.73,34.26,33.2
"739",105,202,1530,33.45,29.69,32.92,33.61,32.51
"740",105,202,1540,79.1,32.85,39.37,42.86,40.93
"741",105,202,1550,56.15,33.24,38.95,41.84,40.92
"742",105,202,1600,59.12,33.22,38.59,42.36,41.18
"743",105,202,1610,44.34,33.14,36.95,40.08,38.95
"744",105,202,1620,50.85,32.43,36.37,39.96,38.68
"745",105,202,1630,34.43,31.7,35.33,37.44,36.66
"746",105,202,1640,40.98,32,35.4,37.59,36.89
"747",105,202,1650,42.05,32.27,36.51,38.99,38.01
"748",105,202,1700,25.8,29.7,32.62,33.59,32.97
"749",105,202,1710,33.32,30.48,33.09,35.13,34.68
"750",105,202,1720,46.46,32.31,35,38.32,39.15
"751",105,202,1730,28.18,30.24,32.7,34.49,34.65
"752",105,202,1740,30.54,30.31,31.63,34.06,34.88
"753",105,202,1750,28.22,30.07,31.76,33.66,34.72
"754",105,202,1800,21.69,29.72,30.79,32.28,32.81
"755",105,202,1810,29.02,30.78,31,33.83,36.28
"756",105,202,1820,34.02,32.94,33.1,35.96,39.76
"757",105,202,1830,16.87,32.47,31.85,34.35,38.35
"758",105,202,1840,7.67,29.77,29.52,30.76,32.55
"759",105,202,1850,5.289,26.63,26,26.41,26.4
"760",105,202,1900,4.654,26.69,25.46,26.3,27.89
"761",105,202,1910,5.481,28.42,27.37,29.06,32.15
"762",105,202,1920,6.685,28.15,27.75,28.85,31.48
"763",105,202,1930,6.518,27.66,27.34,28.35,31.8
"764",105,202,1940,4.894,27.07,26.48,27.63,31.04
"765",105,202,1950,3.182,26.45,25.54,26.71,28.99
"766",105,202,2000,2.103,25.67,24.66,25.51,27.48
"767",105,202,2010,1.517,24.79,23.5,24.19,25.69
"768",105,202,2020,1.127,24.02,22.56,22.98,23.15
"769",105,202,2030,0.723,23.44,21.74,22,21.93
"770",105,202,2040,0.525,23.19,21.47,21.79,21.71
"771",105,202,2050,0.291,22.76,21.07,21.31,21.21
"772",105,202,2100,0.134,22.57,20.94,21.2,21.08
"773",105,202,2110,0.036,22.31,20.68,21.01,20.91
"774",105,202,2120,0,21.93,20.39,20.81,20.76
"775",105,202,2130,-0.002,21.97,20.42,20.72,20.68
"776",105,202,2140,-0.003,21.98,20.41,20.75,20.68
"777",105,202,2150,-0.014,22.11,20.68,20.95,20.89
"778",105,202,2200,-0.019,22.02,20.6,20.96,20.93
"779",105,202,2210,-0.008,21.49,20.08,20.41,20.36
"780",105,202,2220,-0.015,21.08,19.51,19.8,19.76
"781",105,202,2230,-0.016,21.03,19.63,19.96,19.92
"782",105,202,2240,-0.016,20.89,19.43,19.81,19.79
"783",105,202,2250,-0.016,20.8,19.41,19.75,19.7
"784",105,202,2300,-0.012,20.61,19.25,19.62,19.59
"785",105,202,2310,-0.012,20.28,18.94,19.32,19.29
"786",105,202,2320,-0.011,20.29,18.85,19.22,19.16
"787",105,202,2330,-0.005,19.67,18.41,18.78,18.75
"788",105,202,2340,-0.005,18.21,17.03,17.28,17.3
"789",105,202,2350,0,18.69,17.31,17.65,17.64
"790",105,203,0,0,18.31,17.04,17.25,17.25
"791",105,203,10,0,17.96,16.65,16.87,16.79
"792",105,203,20,-0.002,18.3,16.89,17.27,17.25
"793",105,203,30,-0.006,18.15,16.74,17.03,16.99
"794",105,203,40,-0.009,17.85,16.42,16.7,16.65
"795",105,203,50,-0.012,17.93,16.64,16.87,16.83
"796",105,203,100,-0.013,18.99,17.42,17.87,17.8
"797",105,203,110,-0.017,18.43,17.24,17.47,17.48
"798",105,203,120,-0.015,17.24,16.02,16.2,16.19
"799",105,203,130,-0.017,16.89,15.66,15.87,15.85
"800",105,203,140,-0.018,15.91,14.6,14.85,14.82
"801",105,203,150,-0.015,15.67,14.22,14.52,14.48
"802",105,203,200,-0.017,15.86,14.48,14.75,14.74
"803",105,203,210,-0.019,16.26,14.85,15.13,15.1
"804",105,203,220,-0.02,16.36,14.99,15.23,15.19
"805",105,203,230,-0.02,16,14.78,14.9,14.87
"806",105,203,240,-0.018,15.84,14.54,14.84,14.79
"807",105,203,250,-0.019,15.71,14.26,14.59,14.54
"808",105,203,300,-0.02,15.59,14.25,14.45,14.43
"809",105,203,310,-0.02,15.47,14.18,14.45,14.44
"810",105,203,320,-0.02,15.31,13.99,14.22,14.13
"811",105,203,330,-0.02,15.14,13.77,14.02,13.93
"812",105,203,340,-0.02,14.84,13.35,13.55,13.47
"813",105,203,350,-0.02,14.64,13.19,13.4,13.35
"814",105,203,400,-0.02,14.61,13.14,13.46,13.43
"815",105,203,410,-0.02,14.55,13.1,13.44,13.4
"816",105,203,420,-0.02,14.44,13.04,13.38,13.3
"817",105,203,430,-0.02,14.26,12.87,13.15,13.1
"818",105,203,440,-0.02,14.35,12.86,13.14,13.14
"819",105,203,450,-0.02,14.43,13.04,13.33,13.31
"820",105,203,500,-0.008,14.07,12.66,12.95,12.97
"821",105,203,510,0.031,14.09,12.66,12.83,12.75
"822",105,203,520,0.126,14.05,12.64,12.89,12.83
"823",105,203,530,0.3,13.95,12.56,12.69,12.6
"824",105,203,540,0.562,13.86,12.53,12.69,12.54
"825",105,203,550,0.832,14.34,12.9,13.19,13.06
"826",105,203,600,1.088,13.99,12.78,12.89,12.76
"827",105,203,610,1.341,14.41,13.1,13.19,13
"828",105,203,620,3.814,14.98,13.68,13.97,13.55
"829",105,203,630,7.76,15.73,15.88,16.34,14.43
"830",105,203,640,11.24,16.79,19.25,17.31,15.46
"831",105,203,650,14.04,17.57,20.69,18.6,16.87
"832",105,203,700,16.49,18.27,23.9,19.67,18.24
"833",105,203,710,19.02,19.08,25.01,20.41,19.31
"834",105,203,720,21.66,20.15,26.21,21.65,20.47
"835",105,203,730,24.33,21.15,27.82,22.37,21.24
"836",105,203,740,27.03,21.51,28.95,22.91,21.84
"837",105,203,750,29.79,21.56,29.57,23.15,22.1
"838",105,203,800,32.58,22.27,30.67,23.93,22.78
"839",105,203,810,34.48,22.22,31.05,24.51,23.38
"840",105,203,820,38.23,22.58,31.99,25.06,23.71
"841",105,203,830,41.16,22.79,32.1,25.36,23.84
"842",105,203,840,43.96,24.11,33.68,26.98,25.27
"843",105,203,850,46.69,24.58,35.02,28.21,26.4
"844",105,203,900,49.39,25.3,35.59,29.06,26.8
"845",105,203,910,52,26.23,36.79,29.88,25.83
"846",105,203,920,54.68,26.96,38.15,31.69,27.71
"847",105,203,930,57.29,27.69,39.26,32.93,29.84
"848",105,203,940,59.81,27.81,39.75,33.88,30.78
"849",105,203,950,62.3,28.63,41.31,35.98,32.51
"850",105,203,1000,64.69,29.42,42.31,37.21,33.36
"851",105,203,1010,66.98,30.18,43.24,38.65,34.58
"852",105,203,1020,69.18,30.17,43.81,39.71,35.34
"853",105,203,1030,71.4,31.09,44.04,40.89,36.2
"854",105,203,1040,73.5,32.33,45.24,42.47,37.47
"855",105,203,1050,75.4,32.76,45.72,43.97,39.22
"856",105,203,1100,75.7,32.9,45.82,44.44,39.64
"857",105,203,1110,79,32.89,46.82,44.99,40.04
"858",105,203,1120,80.5,33.3,47.3,46.27,40.8
"859",105,203,1130,82.1,34.32,47.56,46.67,41.97
"860",105,203,1140,83,33.66,47.51,46.49,42.24
"861",105,203,1150,84.7,34.5,47.98,47.01,42.48
"862",105,203,1200,85.8,35.36,48.18,47.97,43.8
"863",105,203,1210,86.6,35.05,48.84,48.2,44.37
"864",105,203,1220,87.5,35.92,48.67,48.34,44.6
"865",105,203,1230,88.2,35.69,48.56,48.43,44.55
"866",105,203,1240,88.5,35.89,48.98,49.03,45.57
"867",105,203,1250,89,35.87,47.79,48.77,45.43
"868",105,203,1300,89.5,36.35,48.62,49.85,46.42
"869",105,203,1310,89.5,36.52,48.97,49.96,46.6
"870",105,203,1320,89.6,36.38,48.98,50.08,46.6
"871",105,203,1330,89.7,36.29,48.14,49.37,46.34
"872",105,203,1340,89.3,36.5,48.03,49.77,46.62
"873",105,203,1350,88.6,37.52,48.1,50.04,47.22
"874",105,203,1400,88,37.38,48.95,50.56,49.12
"875",105,203,1410,87,36.84,48.27,49.52,49.1
"876",105,203,1420,86.2,36.64,47.2,48.66,48.09
"877",105,203,1430,85.1,37.33,47.71,49.24,48.92
"878",105,203,1440,84.1,37.42,48.28,50.52,49.73
"879",105,203,1450,82.6,36.63,47.07,49.27,48.22
"880",105,203,1500,81,36.84,46.9,49.73,48.62
"881",105,203,1510,79.3,36.35,45.76,47.95,47.34
"882",105,203,1520,77.6,37.18,46.04,48.79,47.57
"883",105,203,1530,75.8,36.55,44.7,47.41,46.62
"884",105,203,1540,73.8,36.62,45.01,47.86,47.33
"885",105,203,1550,71.7,36.61,44,47.05,46.45
"886",105,203,1600,69.2,36.55,43.37,46.61,45.78
"887",105,203,1610,67.16,36.57,43.23,46.88,45.92
"888",105,203,1620,64.87,36.77,43.07,46.59,45.75
"889",105,203,1630,62.33,36.5,42.4,46.33,45.86
"890",105,203,1640,59.86,36.38,41.55,45.23,45.11
"891",105,203,1650,57.24,36.19,41.21,44.63,44.78
"892",105,203,1700,54.58,35.58,39.87,42.99,43.59
"893",105,203,1710,31.23,35.8,39.51,43.02,43.86
"894",105,203,1720,49.09,35.72,38.5,41.68,43.04
"895",105,203,1730,46.24,36.1,38.55,41.54,43.35
"896",105,203,1740,43.38,35.26,37.13,39.74,41.72
"897",105,203,1750,39.45,35.15,36.15,38.58,40.79
"898",105,203,1800,32.06,35.07,34.96,37.69,40.25
"899",105,203,1810,27.09,34.97,33.44,36.91,39.45
"900",105,203,1820,27,34.3,32.82,36.41,38.79
"901",105,203,1830,11.84,33.98,32.44,35.74,38.05
"902",105,203,1840,3.925,33.54,31.9,34.93,36.9
"903",105,203,1850,3.76,32.58,31.19,34.33,35.97
"904",105,203,1900,3.9,32.12,30.64,33.3,35.17
"905",105,203,1910,2.929,30.96,29.45,32.18,32.7
"906",105,203,1920,3.14,30.37,29.16,30.97,31.13
"907",105,203,1930,2.967,28.6,28.11,29.45,30.19
"908",105,203,1940,2.252,26.94,26.43,28.09,28.83
"909",105,203,1950,1.948,25.67,24.93,26.62,27.34
"910",105,203,2000,1.695,23.42,23.1,24.53,25.1
"911",105,203,2010,1.429,21.82,21.26,22.19,22.52
"912",105,203,2020,1.152,20.91,19.88,20.19,20.37
"913",105,203,2030,0.837,20.48,19.18,19.29,19.43
"914",105,203,2040,0.527,21.22,18.94,19.26,19.32
"915",105,203,2050,0.274,22.36,19.87,20.38,20.28
"916",105,203,2100,0.126,22.63,20.46,20.91,20.8
"917",105,203,2110,0.035,22.11,20.25,20.65,20.54
"918",105,203,2120,0,21.87,19.96,20.33,20.23
"919",105,203,2130,-0.011,21.49,19.51,19.91,19.81
"920",105,203,2140,-0.008,21.22,19.2,19.56,19.47
"921",105,203,2150,-0.002,21.22,19.32,19.67,19.57
"922",105,203,2200,-0.002,20.66,18.53,18.77,18.9
"923",105,203,2210,-0.003,15.92,15.25,15.12,15.46
"924",105,203,2220,-0.001,15.92,14.66,14.76,14.95
"925",105,203,2230,0,13.55,13.01,12.88,13.1
"926",105,203,2240,0,14.77,13.45,13.57,13.68
"927",105,203,2250,0,14.26,13.38,13.41,13.6
"928",105,203,2300,0,13.11,12.44,12.34,12.51
"929",105,203,2310,-0.001,13.36,12.45,12.37,12.57
"930",105,203,2320,0,12.44,11.78,11.68,11.84
"931",105,203,2330,0,12.21,11.38,11.29,11.49
"932",105,203,2340,0,12.57,11.59,11.51,11.66
"933",105,203,2350,0,12.43,11.53,11.42,11.58
"934",105,204,0,0,12.9,11.78,11.64,11.74
"935",105,204,10,0,14.97,12.89,13.03,12.94
"936",105,204,20,0,15.29,13.59,13.72,13.73
"937",105,204,30,0,13.94,12.52,12.63,12.67
"938",105,204,40,0,15.83,13.67,14.04,13.89
"939",105,204,50,-0.001,17.17,15.11,15.44,15.29
"940",105,204,100,-0.006,14.03,12.68,12.65,12.85
"941",105,204,110,-0.004,12.3,11.52,11.4,11.55
"942",105,204,120,0,12.81,11.6,11.58,11.68
"943",105,204,130,0,12.33,10.96,10.83,11.04
"944",105,204,140,0,12.7,11.28,11.24,11.37
"945",105,204,150,-0.001,12.03,10.73,10.69,10.72
"946",105,204,200,-0.004,16.2,13.81,14.15,13.83
"947",105,204,210,-0.013,16.49,14.47,14.8,14.53
"948",105,204,220,-0.018,15.75,14.15,14.34,14.28
"949",105,204,230,-0.02,15.83,13.86,14.05,13.93
"950",105,204,240,-0.019,16.75,14.79,15.07,14.89
"951",105,204,250,-0.019,14.21,13.36,13.4,13.36
"952",105,204,300,-0.019,14.29,12.84,12.92,12.87
"953",105,204,310,-0.018,13.18,11.62,11.47,11.6
"954",105,204,320,-0.018,14.65,13,13.01,12.88
"955",105,204,330,-0.019,16.63,14.73,15.08,14.88
"956",105,204,340,-0.019,14.43,13.1,13.04,13.1
"957",105,204,350,-0.019,12.06,11.09,10.97,11.15
"958",105,204,400,-0.019,12.8,11.54,11.49,11.48
"959",105,204,410,-0.016,15.93,13.57,14.04,13.83
"960",105,204,420,-0.019,14.18,13.03,13.13,13.07
"961",105,204,430,-0.02,16.59,14.32,14.7,14.38
"962",105,204,440,-0.02,17.18,15.25,15.64,15.37
"963",105,204,450,-0.02,16.82,15.11,15.28,15.17
"964",105,204,500,-0.015,16.94,15.17,15.32,15.14
"965",105,204,510,0.031,16.81,15.26,15.64,15.48
"966",105,204,520,0.209,16.5,14.97,15.31,15.19
"967",105,204,530,0.455,16.21,14.68,14.88,14.81
"968",105,204,540,0.89,16.25,14.8,14.98,14.81
"969",105,204,550,1.631,16.75,15.37,15.63,15.32
"970",105,204,600,2.598,17.15,16.06,16.37,16.02
"971",105,204,610,3.747,18.19,17.18,17.55,17.13
"972",105,204,620,5.862,18.87,18.21,18.71,18.17
"973",105,204,630,9.99,19.56,19.33,20.46,18.99
"974",105,204,640,12.76,20.25,20.6,21.23,19.84
"975",105,204,650,18.13,21.17,22.5,23.05,21.27
"976",105,204,700,22.73,22.53,25.61,24.98,23.52
"977",105,204,710,25.44,23.4,27.73,26.13,24.8
"978",105,204,720,23.04,24.28,28.27,26.68,25.65
"979",105,204,730,28.02,24.88,30.14,27.48,26.74
"980",105,204,740,30.65,26.3,32.49,28.92,28.14
"981",105,204,750,32.62,26.96,34.14,29.8,29.13
"982",105,204,800,38.16,27.07,35.06,30.26,29.88
"983",105,204,810,36.91,27.52,34.82,30.27,30.11
"984",105,204,820,30.73,27.14,33,29.94,29.73
"985",105,204,830,27.96,26.28,30.87,28.52,28.41
"986",105,204,840,32.57,27.17,32.65,30.63,30.05
"987",105,204,850,35.82,27.79,33.48,31.54,31.02
"988",105,204,900,33.96,27.83,32.89,31.66,30.9
"989",105,204,910,51.67,29.86,37.73,35.09,31.98
"990",105,204,920,67.4,32.27,44.17,39.68,37.23
"991",105,204,930,62.22,31.95,42.82,38.3,38.16
"992",105,204,940,63.17,32.04,42.87,38.61,38.4
"993",105,204,950,67.3,32.14,43.13,39.25,38.67
"994",105,204,1000,55.82,31.82,41.2,38,37.3
"995",105,204,1010,55.88,32.25,41.86,39.51,38.15
"996",105,204,1020,67.41,33.09,43.73,41.3,39.78
"997",105,204,1030,67.19,33.52,44.85,43.11,41.31
"998",105,204,1040,70.9,33.61,45.22,43.47,41.74
"999",105,204,1050,71.1,34.79,46.33,45.02,42.91
"1000",105,204,1100,71.4,35.06,47.5,46.1,43.91
"1001",105,204,1110,63.49,34.2,44.55,43.48,42.01
"1002",105,204,1120,52.53,33.3,41.67,41.05,39.64
"1003",105,204,1130,39.49,32.39,38.25,37.56,36.71
"1004",105,204,1140,63.65,34.54,43.8,43.13,42.07
"1005",105,204,1150,64.03,35.06,44.46,43.7,43.38
"1006",105,204,1200,82.4,36.13,47.95,47.33,46.67
"1007",105,204,1210,94.6,36.52,49.42,48.21,48.13
"1008",105,204,1220,93.8,37.53,51.02,49.47,49.38
"1009",105,204,1230,90.3,36.77,48.93,47.91,47.81
"1010",105,204,1240,84.8,37.08,48.69,47.82,47.63
"1011",105,204,1250,81.3,36.89,47.73,46.98,46.89
"1012",105,204,1300,79,37.37,48.21,47.59,47.36
"1013",105,204,1310,82.4,37.55,48.35,48.09,48.16
"1014",105,204,1320,87.9,37.74,49.01,49.03,49.11
"1015",105,204,1330,88.9,38.74,49.93,50.06,50.1
"1016",105,204,1340,87.3,38.11,49.33,49.77,49.5
"1017",105,204,1350,82.2,38.14,48.22,48.96,48.99
"1018",105,204,1400,83.6,37.75,47.81,48.31,48.5
"1019",105,204,1410,84.1,38.79,48.53,49.33,49.28
"1020",105,204,1420,84.6,38.31,47.7,48.83,48.57
"1021",105,204,1430,83.5,38.59,48.67,49.84,49.4
"1022",105,204,1440,79.9,38.14,47.34,48.91,48.2
"1023",105,204,1450,77.1,38.56,46.98,48.87,48.35
"1024",105,204,1500,78.7,38.75,47.21,49.73,48.96
"1025",105,204,1510,77.3,38.59,47.18,49.58,48.49
"1026",105,204,1520,76.5,38.48,46.35,48.87,48.16
"1027",105,204,1530,75.6,39.15,46.93,50.12,49.11
"1028",105,204,1540,71.1,38.71,45.75,49.05,48.44
"1029",105,204,1550,70,38.67,46.02,49.62,48.77
"1030",105,204,1600,68.93,39.08,45.35,49.21,48.69
"1031",105,204,1610,66.6,38.83,45.17,48.75,48.13
"1032",105,204,1620,64.28,38.79,44.29,47.96,46.82
"1033",105,204,1630,61.55,38.07,43.34,46.89,46.72
"1034",105,204,1640,58.91,38.24,42.82,45.94,46.58
"1035",105,204,1650,56.71,38.61,42.87,45.37,46.88
"1036",105,204,1700,53.92,38.38,42.78,44.97,46.48
"1037",105,204,1710,50.29,38.09,41.05,43.73,44.8
"1038",105,204,1720,48.4,37.86,40.38,42.84,44.84
"1039",105,204,1730,45.48,37.95,39.86,42.09,44.52
"1040",105,204,1740,42.51,37.76,39.12,41.2,43.73
"1041",105,204,1750,37.19,37.87,38.62,40.42,43.42
"1042",105,204,1800,30.11,37.34,37.09,39.44,42.45
"1043",105,204,1810,24.67,37.14,35.79,38.42,40.95
"1044",105,204,1820,26.33,36.44,35.4,38.03,40.09
"1045",105,204,1830,12.35,36.06,35.11,37.38,40.06
"1046",105,204,1840,7.73,35.58,34.94,36.68,39.17
"1047",105,204,1850,8.8,35,34.54,36.31,38.48
"1048",105,204,1900,9.14,34.16,33.86,35.41,37.4
"1049",105,204,1910,7.98,34.11,33.42,34.94,36.48
"1050",105,204,1920,7.77,32.53,32.62,33.63,34.42
"1051",105,204,1930,7.19,31.8,31.64,32.67,33.85
"1052",105,204,1940,5.932,30.89,30.52,31.62,32.61
"1053",105,204,1950,4.966,28.72,29.23,30,30.99
"1054",105,204,2000,3.96,26.63,26.95,27.35,27.62
"1055",105,204,2010,2.847,25.48,25.06,25.32,25.37
"1056",105,204,2020,1.871,24.45,23.85,23.99,23.98
"1057",105,204,2030,1.212,22.91,22.44,22.42,22.53
"1058",105,204,2040,0.623,22.25,21.49,21.47,21.54
"1059",105,204,2050,0.221,21.59,20.8,20.78,20.86
"1060",105,204,2100,0.221,20.98,19.97,19.95,20.09
"1061",105,204,2110,0.037,21.18,19.79,19.87,19.93
"1062",105,204,2120,0,21.66,19.97,20,19.93
"1063",105,204,2130,0,21.66,20.28,20.33,20.28
"1064",105,204,2140,-0.004,20.34,19.55,19.5,19.51
"1065",105,204,2150,-0.007,19.26,18.82,18.73,18.77
"1066",105,204,2200,-0.012,19.02,18.48,18.45,18.43
"1067",105,204,2210,-0.013,19.9,18.64,18.78,18.71
"1068",105,204,2220,-0.016,19.62,19.04,19.06,19.09
"1069",105,204,2230,-0.018,19.52,18.63,18.74,18.68
"1070",105,204,2240,-0.017,19.16,18.4,18.42,18.48
"1071",105,204,2250,-0.015,18.15,17.69,17.62,17.71
"1072",105,204,2300,-0.01,18.56,17.43,17.35,17.45
"1073",105,204,2310,-0.008,17.42,16.99,16.91,17.07
"1074",105,204,2320,0,17.23,16.75,16.63,16.7
"1075",105,204,2330,0,16.78,16.5,16.32,16.44
"1076",105,204,2340,0,16.69,16.41,16.25,16.36
"1077",105,204,2350,-0.003,16.7,16.39,16.25,16.35
"1078",105,205,0,-0.006,16.72,16.42,16.29,16.38
"1079",105,205,10,-0.013,17.01,16.49,16.44,16.49
"1080",105,205,20,-0.011,17.27,16.72,16.64,16.68
"1081",105,205,30,-0.01,18.42,17.28,17.34,17.22
"1082",105,205,40,-0.018,18.13,17.36,17.41,17.31
"1083",105,205,50,-0.02,17.49,16.98,16.93,16.92
"1084",105,205,100,-0.02,18.24,17.2,17.36,17.21
"1085",105,205,110,-0.02,20.33,18.51,18.96,18.65
"1086",105,205,120,-0.02,18.97,18.06,18.17,18.09
"1087",105,205,130,-0.02,18.36,17.58,17.63,17.56
"1088",105,205,140,-0.02,19.51,18.23,18.39,18.32
"1089",105,205,150,-0.019,18.56,17.77,17.79,17.82
"1090",105,205,200,-0.018,18.47,17.35,17.42,17.38
"1091",105,205,210,-0.018,18.31,17.1,16.97,17.06
"1092",105,205,220,-0.016,17.75,16.57,16.49,16.58
"1093",105,205,230,-0.015,19,17.5,17.67,17.5
"1094",105,205,240,-0.017,18.36,17.26,17.31,17.28
"1095",105,205,250,-0.019,16.49,15.99,15.92,15.96
"1096",105,205,300,-0.018,17.71,16.38,16.52,16.44
"1097",105,205,310,-0.02,17.9,16.69,16.88,16.73
"1098",105,205,320,-0.02,16.5,15.72,15.78,15.75
"1099",105,205,330,-0.02,17.47,15.96,16.14,16.05
"1100",105,205,340,-0.02,16.6,15.78,15.78,15.8
"1101",105,205,350,-0.019,15.86,15.14,15.17,15.12
"1102",105,205,400,-0.019,18.25,16.35,16.69,16.4
"1103",105,205,410,-0.019,19.52,17.51,17.91,17.58
"1104",105,205,420,-0.02,17.64,16.95,16.99,16.93
"1105",105,205,430,-0.02,18.04,16.43,16.73,16.62
"1106",105,205,440,-0.02,18.8,17.28,17.65,17.43
"1107",105,205,450,-0.02,17.44,16.45,16.55,16.51
"1108",105,205,500,-0.014,15.68,15.3,15.35,15.36
"1109",105,205,510,0,16.18,15.12,15.13,15.16
"1110",105,205,520,0.084,16.09,15.09,15.24,15.07
"1111",105,205,530,0.27,16.19,15.28,15.4,15.32
"1112",105,205,540,0.574,16.66,15.45,15.55,15.36
"1113",105,205,550,1.212,15.92,15.44,15.48,15.27
"1114",105,205,600,1.633,16.7,15.61,15.87,15.56
"1115",105,205,610,1.811,16.65,15.89,16.11,15.8
"1116",105,205,620,2.017,17.15,16.52,16.79,16.41
"1117",105,205,630,2.488,16.67,16.22,16.42,16.09
"1118",105,205,640,3.536,18.83,17.86,18.33,17.75
"1119",105,205,650,4.528,20.17,19.7,20.14,19.58
"1120",105,205,700,5.513,20.58,20.42,20.72,20.09
"1121",105,205,710,6.995,21.3,21.38,21.68,20.97
"1122",105,205,720,7.14,21.02,21.49,21.69,21.11
"1123",105,205,730,8.11,21.3,21.8,21.96,21.33
"1124",105,205,740,14.97,22.31,24.35,24.11,22.74
"1125",105,205,750,20.57,24.1,27.75,26.82,25.17
"1126",105,205,800,27.04,25.48,31.54,28.97,27.44
"1127",105,205,810,25.84,25.42,31.1,28.67,27.54
"1128",105,205,820,21.37,25.33,29.71,28.23,27.43
"1129",105,205,830,24.09,25.73,30.51,29.6,28.73
"1130",105,205,840,19.52,25.79,28.87,28.6,27.88
"1131",105,205,850,45.52,28.08,36.59,34.08,32.39
"1132",105,205,900,49.52,29.59,39.95,35.99,33.84
"1133",105,205,910,46.66,29.05,39.33,35.4,31.45
"1134",105,205,920,46.14,30.14,38.95,35.67,33.3
"1135",105,205,930,59.16,31.91,42.85,38.69,37.49
"1136",105,205,940,56.4,32.1,42.65,38.82,37.84
"1137",105,205,950,27.61,30.71,37.01,35.51,35.03
"1138",105,205,1000,37.41,31.4,37.44,36.66,35.83
"1139",105,205,1010,34.14,30.97,36.33,36.04,35.47
"1140",105,205,1020,35.12,30.74,36.36,36.03,35.08
"1141",105,205,1030,34.69,30.55,36.15,36.17,35
"1142",105,205,1040,37.16,30.94,37.15,36.98,35.77
"1143",105,205,1050,33.31,30.4,35.49,35.53,34.67
"1144",105,205,1100,43.25,30.89,37.19,37.27,36.12
"1145",105,205,1110,51.31,32.07,40.39,40.04,38.54
"1146",105,205,1120,30.33,30.29,35.35,35.26,34.57
"1147",105,205,1130,38.35,30.47,36.27,35.97,35.01
"1148",105,205,1140,30.33,30.24,35.44,34.97,34.38
"1149",105,205,1150,30.8,30.72,35.29,34.9,34.1
"1150",105,205,1200,34.93,31.23,36.4,35.96,35.16
"1151",105,205,1210,60.6,33.6,43.3,43.02,41.84
"1152",105,205,1220,77,35.23,46.78,46.36,45.51
"1153",105,205,1230,72.1,34.78,46.39,45.97,44.95
"1154",105,205,1240,105.4,37.85,53.29,52.72,52.11
"1155",105,205,1250,71.2,35.94,47.84,47.59,46.97
"1156",105,205,1300,86,38.45,50.56,51.14,50.94
"1157",105,205,1310,71.4,38.19,48.8,49.35,48.99
"1158",105,205,1320,59.45,37.05,45.76,45.88,45.27
"1159",105,205,1330,87.4,38.3,50.74,50.43,49.6
"1160",105,205,1340,58.4,36.01,44.92,44.65,43.66
"1161",105,205,1350,80.4,38.22,48.51,48.62,48.12
"1162",105,205,1400,41.47,34.74,41.13,41.08,40.16
"1163",105,205,1410,50.51,35.63,42.86,43.14,41.7
"1164",105,205,1420,47.88,35.59,41.88,41.83,41.31
"1165",105,205,1430,78.4,38.57,48.5,49.64,48.88
"1166",105,205,1440,92.3,39.35,50.5,51.97,50.64
"1167",105,205,1450,94.4,40.81,51.11,52.51,51.75
"1168",105,205,1500,87.7,39.48,48.69,50.33,50
"1169",105,205,1510,76.7,39.46,47.84,49.37,48.69
"1170",105,205,1520,90.5,40.59,49.32,51.91,50.73
"1171",105,205,1530,90.2,39.74,48.86,51.35,50.07
"1172",105,205,1540,56.08,38.04,44.54,45.64,45.36
"1173",105,205,1550,50.09,36.84,42.34,43.24,42.28
"1174",105,205,1600,38.25,36.49,41.29,41.94,41.45
"1175",105,205,1610,80.3,39.07,46.57,49.68,48.77
"1176",105,205,1620,70.5,35.4,41.69,40.26,43.36
"1177",105,205,1630,40.23,31.72,34.73,34.03,34.78
"1178",105,205,1640,72.9,33.3,38.81,37.35,41.31
"1179",105,205,1650,66.54,33.26,38.42,36.3,41.75
"1180",105,205,1700,17.28,28.96,30.71,30.42,31.21
"1181",105,205,1710,12.77,28.17,28.89,28.92,29.22
"1182",105,205,1720,12.63,27.9,28.77,28.87,28.86
"1183",105,205,1730,13.83,27.64,28.6,28.59,28.55
"1184",105,205,1740,26.3,29.18,30.59,30.48,31.74
"1185",105,205,1750,25.58,29.29,31.04,31.05,32.54
"1186",105,205,1800,17.76,28.22,29.72,29.76,29.91
"1187",105,205,1810,16.63,27.72,28.84,28.85,28.94
"1188",105,205,1820,16.58,27.74,28.66,28.85,29.33
"1189",105,205,1830,15.29,27.9,28.69,28.94,29.94
"1190",105,205,1840,15.03,27.99,28.8,29.12,30.45
"1191",105,205,1850,14.66,28.11,28.95,29.2,30.5
"1192",105,205,1900,13.44,28.26,28.87,29.06,29.79
"1193",105,205,1910,10.48,27.83,28.55,28.66,29.01
"1194",105,205,1920,8,26.93,27.39,27.53,27.64
"1195",105,205,1930,6.197,26.65,26.77,26.93,26.94
"1196",105,205,1940,5.164,26.35,26.47,26.7,27.01
"1197",105,205,1950,3.902,25.63,25.64,25.93,26.26
"1198",105,205,2000,3.073,25.24,25.1,25.56,26.26
"1199",105,205,2010,2.23,24.77,24.43,24.66,24.93
"1200",105,205,2020,1.848,24.78,24.23,24.38,24.38
"1201",105,205,2030,0.932,24.09,23.58,23.57,23.54
"1202",105,205,2040,0.411,23.34,22.6,22.7,22.61
"1203",105,205,2050,0.158,22.86,21.88,21.97,21.88
"1204",105,205,2100,0.055,22.53,21.49,21.51,21.45
"1205",105,205,2110,0,22.38,21.51,21.42,21.37
"1206",105,205,2120,-0.008,22.53,21.58,21.63,21.58
"1207",105,205,2130,-0.019,22.8,21.9,22.03,21.96
"1208",105,205,2140,-0.018,22.6,21.65,21.77,21.71
"1209",105,205,2150,-0.018,22.19,21.12,21.27,21.21
"1210",105,205,2200,-0.02,21.69,20.68,20.69,20.64
"1211",105,205,2210,-0.02,21.55,20.65,20.69,20.61
"1212",105,205,2220,-0.02,21.44,20.58,20.67,20.64
"1213",105,205,2230,-0.016,21.64,20.89,20.97,20.91
"1214",105,205,2240,-0.013,21.81,21.12,21.24,21.19
"1215",105,205,2250,-0.008,21.81,21.21,21.27,21.27
"1216",105,205,2300,-0.006,21.87,21.38,21.47,21.44
"1217",105,205,2310,-0.007,21.79,21.35,21.48,21.44
"1218",105,205,2320,-0.007,21.71,21.32,21.4,21.32
"1219",105,205,2330,-0.007,21.62,21.22,21.25,21.18
"1220",105,205,2340,-0.003,21.63,21.12,21.11,21.03
"1221",105,205,2350,-0.007,21.5,20.9,21.02,20.98
"1222",105,206,0,-0.004,21.27,20.64,20.72,20.7
"1223",105,206,10,-0.004,21.16,20.52,20.66,20.63
"1224",105,206,20,-0.005,21.3,20.68,20.83,20.81
"1225",105,206,30,-0.008,21.43,20.83,20.98,20.95
"1226",105,206,40,-0.013,21.65,21.11,21.26,21.25
"1227",105,206,50,-0.011,21.5,21.05,21.16,21.16
"1228",105,206,100,-0.01,21.32,20.88,20.93,20.9
"1229",105,206,110,-0.013,21.13,20.72,20.74,20.68
"1230",105,206,120,-0.015,21.09,20.6,20.68,20.63
"1231",105,206,130,-0.012,20.91,20.48,20.53,20.49
"1232",105,206,140,-0.012,20.87,20.46,20.5,20.44
"1233",105,206,150,-0.01,21.02,20.61,20.69,20.66
"1234",105,206,200,-0.011,20.89,20.49,20.54,20.52
"1235",105,206,210,-0.012,20.89,20.46,20.52,20.49
"1236",105,206,220,-0.014,20.98,20.59,20.62,20.6
"1237",105,206,230,-0.011,21,20.58,20.61,20.58
"1238",105,206,240,-0.01,20.74,20.27,20.31,20.26
"1239",105,206,250,-0.015,20.52,19.95,20.01,19.97
"1240",105,206,300,-0.015,20.6,20.05,20.17,20.15
"1241",105,206,310,-0.017,20.47,20.01,20.1,20.09
"1242",105,206,320,-0.02,20.18,19.59,19.67,19.63
"1243",105,206,330,-0.019,20.16,19.62,19.72,19.72
"1244",105,206,340,-0.019,19.1,18.8,18.69,18.63
"1245",105,206,350,-0.021,16.86,16.14,16.05,16.15
"1246",105,206,400,-0.174,16.84,15.92,15.92,15.96
"1247",105,206,410,-0.175,16.91,16,16.04,16.04
"1248",105,206,420,-0.182,17.01,16,16.23,16.06
"1249",105,206,430,-0.196,17.01,15.9,16.27,16.01
"1250",105,206,440,-0.2,17.03,15.84,16.26,16.06
"1251",105,206,450,-0.198,17.18,15.83,16.34,16.07
"1252",105,206,500,-0.187,17.34,15.87,16.48,16.16
"1253",105,206,510,-0.18,17.4,15.73,16.35,15.99
"1254",105,206,520,-0.121,17.56,15.69,16.4,16.07
"1255",105,206,530,0.026,17.69,15.81,16.51,16.15
"1256",105,206,540,0.311,17.8,15.91,16.62,16.28
"1257",105,206,550,0.782,17.92,15.99,16.77,16.53
"1258",105,206,600,1.74,17.98,16.21,17.07,16.82
"1259",105,206,610,2.457,18.01,16.35,17.37,17.07
"1260",105,206,620,3.45,18.23,16.76,17.8,17.6
"1261",105,206,630,5.494,18.54,17.17,19.92,17.87
"1262",105,206,640,6.981,18.84,17.73,20.88,18.16
"1263",105,206,650,11.1,19.52,19.07,23.3,19.21
"1264",105,206,700,14.57,20.18,20.43,24.85,20.46
"1265",105,206,710,16.77,20.83,21.71,26.21,21.84
"1266",105,206,720,15.8,20.64,21.73,23.78,21.67
"1267",105,206,730,26.87,21.92,24.08,29.35,23.42
"1268",105,206,740,21.23,21.59,24.04,27.32,23.14
"1269",105,206,750,22.42,21.71,24.46,27.23,22.87
"1270",105,206,800,21.94,21.71,24.74,26.75,22.91
"1271",105,206,810,35.17,23.38,29.15,32.25,25.04
"1272",105,206,820,27.06,22.91,27.64,29.61,24.21
"1273",105,206,830,37.02,23.89,30.95,33.44,25.07
"1274",105,206,840,32.59,24.12,30.37,31.94,25.71
"1275",105,206,850,19.71,22.97,26.04,26.96,24.11
"1276",105,206,900,18.15,22.56,24.88,25.85,23.13
"1277",105,206,910,32.2,24.49,30.05,31.58,24.68
"1278",105,206,920,45.16,26.54,34.55,36.61,27.33
"1279",105,206,930,54.96,28.48,38.83,41.07,30.65
"1280",105,206,940,57.69,28.85,40.08,42.3,32.04
"1281",105,206,950,60.21,29.03,40.45,42.52,32.54
"1282",105,206,1000,61.53,29.45,40.66,42.41,33.14
"1283",105,206,1010,63.51,29.83,41.43,43.09,34.2
"1284",105,206,1020,66.13,30.76,42.94,44.33,35.8
"1285",105,206,1030,68.37,30.99,44.09,44.57,36.12
"1286",105,206,1040,75,31.57,45.1,45.58,37.97
"1287",105,206,1050,75,31.33,45.3,45.64,38.36
"1288",105,206,1100,75,30.97,45.26,45.37,38.54
"1289",105,206,1110,76.7,31.6,45.5,45.6,39.18
"1290",105,206,1120,79,32.84,46.92,47.41,41.46
"1291",105,206,1130,80.4,33.58,47.05,47.15,42.24
"1292",105,206,1140,81.7,33.33,47.25,46.27,42.39
"1293",105,206,1150,83.3,33.73,47.44,47.12,42.94
"1294",105,206,1200,64.82,31.5,43.27,42.89,39.49
"1295",105,206,1210,87.3,34.43,47.49,47.57,43.81
"1296",105,206,1220,90.3,35.42,48.67,48.16,45.57
"1297",105,206,1230,75.3,33.94,44.55,44.52,42.44
"1298",105,206,1240,83.2,34.53,45.85,45.53,43.82
"1299",105,206,1250,90.3,35.18,47.69,47.37,45.96
"1300",105,206,1300,89.2,35.08,46.82,46.54,45.63
"1301",105,206,1310,90.2,35.22,46.61,46.1,45.67
"1302",105,206,1320,88.5,34.8,45.88,45.21,44.88
"1303",105,206,1330,89.1,34.9,45.69,44.73,44.89
"1304",105,206,1340,88.5,35.49,46.02,45.21,46.32
"1305",105,206,1350,87.8,35.61,45.85,44.93,46.74
"1306",105,206,1400,87.9,35.17,45.23,42.84,45.22
"1307",105,206,1410,87.1,35.45,45.52,43.26,46.65
"1308",105,206,1420,86.5,35.53,45.69,43.24,46.99
"1309",105,206,1430,85.1,35.61,44.87,42.34,46
"1310",105,206,1440,84.1,35.84,44.97,41.91,46.76
"1311",105,206,1450,82.9,35.77,44.64,41.57,47.5
"1312",105,206,1500,81.7,35.71,44.26,39.84,46.86
"1313",105,206,1510,80.7,36.31,44.49,40.57,48.99
"1314",105,206,1520,78.7,36.04,43.93,39.52,47.78
"1315",105,206,1530,76.6,35.73,43.03,38.68,47.86
"1316",105,206,1540,75,35.48,42.33,38.18,47.95
"1317",105,206,1550,72.9,35.89,42.69,38.1,48.53
"1318",105,206,1600,58.61,34.48,40.06,36.35,45.24
"1319",105,206,1610,62.24,33.85,38.15,34.89,42.62
"1320",105,206,1620,64.68,34.48,39.65,35.84,44.66
"1321",105,206,1630,61.96,34.25,38.76,35.46,43.63
"1322",105,206,1640,59.66,34.08,38.65,35.66,44.26
"1323",105,206,1650,56.87,33.43,37.14,34.56,42.48
"1324",105,206,1700,54.38,32.82,36.09,34.06,40.87
"1325",105,206,1710,50.93,32,34.73,33.14,39.95
"1326",105,206,1720,48.22,31.34,33.56,32.29,38.92
"1327",105,206,1730,45.14,30.8,32.37,31.3,37.98
"1328",105,206,1740,42.19,30.15,31.3,30.65,36.91
"1329",105,206,1750,38.67,29.74,30.43,30.1,36.16
"1330",105,206,1800,22.71,29.21,28.96,29.5,34.64
"1331",105,206,1810,14.83,28.85,28.03,28.98,34.06
"1332",105,206,1820,25.99,28.26,27.42,28.48,33.36
"1333",105,206,1830,11.09,28.2,27.07,28.32,33.24
"1334",105,206,1840,5.055,27.22,26.27,27.38,31.8
"1335",105,206,1850,4.47,26.49,25.57,26.48,30.13
"1336",105,206,1900,4.533,25.8,24.97,25.73,28.4
"1337",105,206,1910,3.535,25.07,24.18,24.87,26.7
"1338",105,206,1920,3.974,24.33,23.72,24.31,26.27
"1339",105,206,1930,3.245,23.78,23.13,23.67,25.68
"1340",105,206,1940,2.61,23.14,22.46,23.12,24.57
"1341",105,206,1950,2.295,22.53,21.78,22.45,23.57
"1342",105,206,2000,1.969,21.74,20.94,21.51,22.33
"1343",105,206,2010,1.614,21.32,20.35,20.85,21.46
"1344",105,206,2020,1.249,20.93,19.95,20.22,20.25
"1345",105,206,2030,0.867,20.54,19.53,19.69,19.74
"1346",105,206,2040,0.483,20.09,19.04,19.23,19.24
"1347",105,206,2050,0.22,19.77,18.66,18.85,18.84
"1348",105,206,2100,0.09,19.38,18.22,18.45,18.45
"1349",105,206,2110,0.002,19.19,18.07,18.26,18.24
"1350",105,206,2120,-0.011,18.92,17.76,17.94,17.92
"1351",105,206,2130,-0.005,18.69,17.52,17.75,17.76
"1352",105,206,2140,-0.008,18.42,17.24,17.45,17.44
"1353",105,206,2150,-0.003,18.37,17.2,17.41,17.4
"1354",105,206,2200,0,18.11,16.93,17.12,17.1
"1355",105,206,2210,0,17.93,16.73,16.96,16.97
"1356",105,206,2220,0,17.69,16.54,16.79,16.8
"1357",105,206,2230,0,17.36,16.13,16.44,16.47
"1358",105,206,2240,0,17.16,15.89,16.13,16.17
"1359",105,206,2250,0,17.23,15.95,16.2,16.24
"1360",105,206,2300,-0.003,17.09,15.83,16.09,16.13
"1361",105,206,2310,-0.005,17.11,15.83,16.12,16.15
"1362",105,206,2320,-0.009,16.98,15.76,16.03,16.05
"1363",105,206,2330,-0.011,16.83,15.52,15.79,15.85
"1364",105,206,2340,-0.017,16.68,15.39,15.71,15.77
"1365",105,206,2350,-0.014,16.59,15.29,15.6,15.63
"1366",105,207,0,-0.019,16.18,14.85,15.23,15.28
"1367",105,207,10,-0.019,16.18,14.83,15.21,15.25
"1368",105,207,20,-0.019,16.09,14.73,15.1,15.12
"1369",105,207,30,-0.02,15.88,14.43,14.73,14.73
"1370",105,207,40,-0.02,15.84,14.46,14.76,14.79
"1371",105,207,50,-0.02,15.79,14.43,14.72,14.73
"1372",105,207,100,-0.02,15.5,14.07,14.38,14.39
"1373",105,207,110,-0.02,15.86,14.45,14.82,14.86
"1374",105,207,120,-0.02,15.76,14.5,14.85,14.9
"1375",105,207,130,-0.02,15.52,14.25,14.54,14.56
"1376",105,207,140,-0.02,15.19,13.82,14.18,14.25
"1377",105,207,150,-0.02,14.34,13.16,13.4,13.38
"1378",105,207,200,-0.02,13.68,12.37,12.61,12.64
"1379",105,207,210,-0.02,13.84,12.36,12.62,12.61
"1380",105,207,220,-0.019,14.54,12.97,13.19,13.14
"1381",105,207,230,-0.02,14.07,12.62,12.85,12.81
"1382",105,207,240,-0.019,14.65,13.02,13.38,13.29
"1383",105,207,250,-0.02,14.01,12.59,12.88,12.82
"1384",105,207,300,-0.02,13.28,11.79,12.04,12.07
"1385",105,207,310,-0.02,13.45,11.91,12.21,12.18
"1386",105,207,320,-0.02,12.94,11.53,11.7,11.68
"1387",105,207,330,-0.02,12.73,11.32,11.52,11.53
"1388",105,207,340,-0.018,12.83,11.47,11.73,11.74
"1389",105,207,350,-0.019,12.78,11.31,11.48,11.45
"1390",105,207,400,-0.02,12.28,10.83,10.97,10.88
"1391",105,207,410,-0.02,12.5,11.14,11.41,11.23
"1392",105,207,420,-0.02,12.17,10.84,11.01,10.94
"1393",105,207,430,-0.02,10.96,9.59,9.73,9.68
"1394",105,207,440,-0.019,10.67,9.25,9.31,9.28
"1395",105,207,450,-0.019,10.65,9.18,9.3,9.17
"1396",105,207,500,-0.019,8.93,7.88,7.91,7.83
"1397",105,207,510,-0.008,10.78,9.18,9.29,9.32
"1398",105,207,520,0.092,11.68,10.23,10.58,10.54
"1399",105,207,530,0.202,12.26,10.66,11,10.85
"1400",105,207,540,0.429,12.06,10.56,10.87,10.69
"1401",105,207,550,0.814,11.23,9.87,10.23,10
"1402",105,207,600,1.278,8.99,8.06,8.43,8.03
"1403",105,207,610,1.874,10.54,9.3,9.75,9.19
"1404",105,207,620,3.125,9.56,8.91,9.65,8.75
"1405",105,207,630,9.18,12.21,10.72,15.65,10.47
"1406",105,207,640,13.04,14.22,13.11,20.77,12.58
"1407",105,207,650,13.26,14.62,13.82,22.03,13.14
"1408",105,207,700,11.69,14.47,13.99,21.11,13.48
"1409",105,207,710,14.31,14.98,14.75,22.35,14.39
"1410",105,207,720,18.88,16.46,16.41,24.35,15.97
"1411",105,207,730,20.03,17.18,17.43,25.07,16.82
"1412",105,207,740,20.94,17.68,18.66,25.41,17.47
"1413",105,207,750,26.48,18.7,21.69,28.1,18.86
"1414",105,207,800,27.97,19.29,24.09,29.52,19.64
"1415",105,207,810,32.93,20.25,26.93,31.59,20.47
"1416",105,207,820,36.04,20.97,28.71,32.18,21.36
"1417",105,207,830,39.21,21.96,30.73,33.11,22.25
"1418",105,207,840,42.05,22.62,32.7,34.73,23.08
"1419",105,207,850,44.76,23.55,34.46,36.75,24.04
"1420",105,207,900,47.93,24.19,36.1,39.11,24.94
"1421",105,207,910,48.57,24.42,35.99,38.62,24.97
"1422",105,207,920,48.66,24.32,35.53,38.42,25.91
"1423",105,207,930,55.89,25.54,38.09,40.4,27.77
"1424",105,207,940,50.26,25.41,36.33,38.78,28.04
"1425",105,207,950,56.67,26.08,37.4,39.08,28.93
"1426",105,207,1000,55.72,26.7,36.62,38.08,32.81
"1427",105,207,1010,59.89,26.91,37.45,38.68,34.44
"1428",105,207,1020,66.06,27.84,39.23,40.54,35.88
"1429",105,207,1030,68.98,28.36,39.8,40.78,36.51
"1430",105,207,1040,66.23,28.89,39.73,40.99,37.18
"1431",105,207,1050,71.3,29.03,40.58,41.78,37.22
"1432",105,207,1100,73.6,29.36,41.58,42.8,38.15
"1433",105,207,1110,73.6,29.59,42.18,41.85,39.4
"1434",105,207,1120,73.5,29.78,42.76,41.24,39.72
"1435",105,207,1130,72.3,29.56,42.45,41.78,39.74
"1436",105,207,1140,73.1,29.58,41.39,41.25,38.68
"1437",105,207,1150,81.2,30.08,43.72,44.08,40.93
"1438",105,207,1200,82,31.02,44.44,44.41,41.23
"1439",105,207,1210,80.1,30.69,44.42,43.91,41.19
"1440",105,207,1220,77.8,31.88,44.53,44.69,41.9
"1441",105,207,1230,83.7,30.88,45.16,45.7,42.02
"1442",105,207,1240,83.4,31.89,44.84,44.69,41.41
"1443",105,207,1250,85.7,32.25,45.35,45.51,41.93
"1444",105,207,1300,78.3,31.9,45.85,46.06,41.79
"1445",105,207,1310,73.6,31.43,42.05,42.06,38.47
"1446",105,207,1320,81.2,32.45,44.31,44.64,39.64
"1447",105,207,1330,78.8,32.51,43.85,43.72,39.81
"1448",105,207,1340,87.1,32.8,45.39,45.19,40.24
"1449",105,207,1350,83.9,32.63,44.37,44.18,39.01
