STATION,NAME,LATITUDE,LONGITUDE,ELEVATION,DATE,TMAX,TMIN,TOBS
USC00456215,"OTHELLO 6 ESE, WA US",46.78861,-119.04611,362.7,2/1/92,56,41,
USC00456215,"OTHELLO 6 ESE, WA US",46.78861,-119.04611,362.7,2/2/92,50,39,
USC00456215,"OTHELLO 6 ESE, WA US",46.78861,-119.04611,362.7,2/3/92,55,28,
USC00456215,"OTHELLO 6 ESE, WA US",46.78861,-119.04611,362.7,2/4/92,46,26,
USC00456215,"OTHELLO 6 ESE, WA US",46.78861,-119.04611,362.7,2/5/92,48,26,
USC00456215,"OTHELLO 6 ESE, WA US",46.78861,-119.04611,362.7,2/6/92,36,30,
USC00456215,"OTHELLO 6 ESE, WA US",46.78861,-119.04611,362.7,2/7/92,34,32,
USC00456215,"OTHELLO 6 ESE, WA US",46.78861,-119.04611,362.7,2/8/92,40,36,
USC00456215,"OTHELLO 6 ESE, WA US",46.78861,-119.04611,362.7,2/9/92,42,32,
USC00456215,"OTHELLO 6 ESE, WA US",46.78861,-119.04611,362.7,2/10/92,56,24,
USC00456215,"OTHELLO 6 ESE, WA US",46.78861,-119.04611,362.7,2/11/92,52,36,
USC00456215,"OTHELLO 6 ESE, WA US",46.78861,-119.04611,362.7,2/12/92,58,36,
USC00456215,"OTHELLO 6 ESE, WA US",46.78861,-119.04611,362.7,2/13/92,49,40,
USC00456215,"OTHELLO 6 ESE, WA US",46.78861,-119.04611,362.7,2/14/92,52,38,
USC00456215,"OTHELLO 6 ESE, WA US",46.78861,-119.04611,362.7,2/15/92,56,40,
USC00456215,"OTHELLO 6 ESE, WA US",46.78861,-119.04611,362.7,2/16/92,52,32,
USC00456215,"OTHELLO 6 ESE, WA US",46.78861,-119.04611,362.7,2/17/92,54,34,
USC00456215,"OTHELLO 6 ESE, WA US",46.78861,-119.04611,362.7,2/18/92,52,36,
USC00456215,"OTHELLO 6 ESE, WA US",46.78861,-119.04611,362.7,2/19/92,50,36,
USC00456215,"OTHELLO 6 ESE, WA US",46.78861,-119.04611,362.7,2/20/92,50,37,
USC00456215,"OTHELLO 6 ESE, WA US",46.78861,-119.04611,362.7,2/21/92,43,36,
USC00456215,"OTHELLO 6 ESE, WA US",46.78861,-119.04611,362.7,2/22/92,60,41,
USC00456215,"OTHELLO 6 ESE, WA US",46.78861,-119.04611,362.7,2/23/92,58,32,
USC00456215,"OTHELLO 6 ESE, WA US",46.78861,-119.04611,362.7,2/24/92,54,39,
USC00456215,"OTHELLO 6 ESE, WA US",46.78861,-119.04611,362.7,2/25/92,46,42,
USC00456215,"OTHELLO 6 ESE, WA US",46.78861,-119.04611,362.7,2/26/92,48,41,
USC00456215,"OTHELLO 6 ESE, WA US",46.78861,-119.04611,362.7,2/27/92,46,40,
USC00456215,"OTHELLO 6 ESE, WA US",46.78861,-119.04611,362.7,2/28/92,45,40,
USC00456215,"OTHELLO 6 ESE, WA US",46.78861,-119.04611,362.7,2/29/92,43,40,
USC00456215,"OTHELLO 6 ESE, WA US",46.78861,-119.04611,362.7,3/1/92,48,38,
USC00456215,"OTHELLO 6 ESE, WA US",46.78861,-119.04611,362.7,3/2/92,57,30,
USC00456215,"OTHELLO 6 ESE, WA US",46.78861,-119.04611,362.7,3/3/92,51,40,
USC00456215,"OTHELLO 6 ESE, WA US",46.78861,-119.04611,362.7,3/4/92,50,43,
USC00456215,"OTHELLO 6 ESE, WA US",46.78861,-119.04611,362.7,3/5/92,59,34,
USC00456215,"OTHELLO 6 ESE, WA US",46.78861,-119.04611,362.7,3/6/92,60,42,
USC00456215,"OTHELLO 6 ESE, WA US",46.78861,-119.04611,362.7,3/7/92,62,41,
USC00456215,"OTHELLO 6 ESE, WA US",46.78861,-119.04611,362.7,3/8/92,62,31,
USC00456215,"OTHELLO 6 ESE, WA US",46.78861,-119.04611,362.7,3/9/92,60,30,
USC00456215,"OTHELLO 6 ESE, WA US",46.78861,-119.04611,362.7,3/10/92,56,30,
USC00456215,"OTHELLO 6 ESE, WA US",46.78861,-119.04611,362.7,3/11/92,58,33,
USC00456215,"OTHELLO 6 ESE, WA US",46.78861,-119.04611,362.7,3/12/92,62,34,
USC00456215,"OTHELLO 6 ESE, WA US",46.78861,-119.04611,362.7,3/13/92,66,32,
USC00456215,"OTHELLO 6 ESE, WA US",46.78861,-119.04611,362.7,3/14/92,69,36,
USC00456215,"OTHELLO 6 ESE, WA US",46.78861,-119.04611,362.7,3/15/92,68,46,
USC00456215,"OTHELLO 6 ESE, WA US",46.78861,-119.04611,362.7,3/16/92,63,40,
USC00456215,"OTHELLO 6 ESE, WA US",46.78861,-119.04611,362.7,3/17/92,64,41,
USC00456215,"OTHELLO 6 ESE, WA US",46.78861,-119.04611,362.7,3/18/92,63,38,
USC00456215,"OTHELLO 6 ESE, WA US",46.78861,-119.04611,362.7,3/19/92,63,37,
USC00456215,"OTHELLO 6 ESE, WA US",46.78861,-119.04611,362.7,3/20/92,61,32,
USC00456215,"OTHELLO 6 ESE, WA US",46.78861,-119.04611,362.7,3/21/92,65,32,
USC00456215,"OTHELLO 6 ESE, WA US",46.78861,-119.04611,362.7,3/22/92,65,32,
USC00456215,"OTHELLO 6 ESE, WA US",46.78861,-119.04611,362.7,3/23/92,63,32,
USC00456215,"OTHELLO 6 ESE, WA US",46.78861,-119.04611,362.7,3/24/92,63,35,
USC00456215,"OTHELLO 6 ESE, WA US",46.78861,-119.04611,362.7,3/25/92,66,35,
USC00456215,"OTHELLO 6 ESE, WA US",46.78861,-119.04611,362.7,3/26/92,71,46,
USC00456215,"OTHELLO 6 ESE, WA US",46.78861,-119.04611,362.7,3/27/92,63,38,
USC00456215,"OTHELLO 6 ESE, WA US",46.78861,-119.04611,362.7,3/28/92,63,26,
USC00456215,"OTHELLO 6 ESE, WA US",46.78861,-119.04611,362.7,3/29/92,57,28,
USC00456215,"OTHELLO 6 ESE, WA US",46.78861,-119.04611,362.7,3/30/92,64,33,
USC00456215,"OTHELLO 6 ESE, WA US",46.78861,-119.04611,362.7,3/31/92,71,39,
USC00456215,"OTHELLO 6 ESE, WA US",46.78861,-119.04611,362.7,4/1/92,72,43,
USC00456215,"OTHELLO 6 ESE, WA US",46.78861,-119.04611,362.7,4/2/92,76,43,
USC00456215,"OTHELLO 6 ESE, WA US",46.78861,-119.04611,362.7,4/3/92,77,47,
USC00456215,"OTHELLO 6 ESE, WA US",46.78861,-119.04611,362.7,4/4/92,69,33,
USC00456215,"OTHELLO 6 ESE, WA US",46.78861,-119.04611,362.7,4/5/92,61,28,
USC00456215,"OTHELLO 6 ESE, WA US",46.78861,-119.04611,362.7,4/6/92,56,30,
USC00456215,"OTHELLO 6 ESE, WA US",46.78861,-119.04611,362.7,4/7/92,56,29,
USC00456215,"OTHELLO 6 ESE, WA US",46.78861,-119.04611,362.7,4/8/92,54,30,
USC00456215,"OTHELLO 6 ESE, WA US",46.78861,-119.04611,362.7,4/9/92,55,41,
USC00456215,"OTHELLO 6 ESE, WA US",46.78861,-119.04611,362.7,4/10/92,48,35,
USC00456215,"OTHELLO 6 ESE, WA US",46.78861,-119.04611,362.7,4/11/92,59,33,
USC00456215,"OTHELLO 6 ESE, WA US",46.78861,-119.04611,362.7,4/12/92,57,41,
USC00456215,"OTHELLO 6 ESE, WA US",46.78861,-119.04611,362.7,4/13/92,57,48,
USC00456215,"OTHELLO 6 ESE, WA US",46.78861,-119.04611,362.7,4/14/92,63,47,
USC00456215,"OTHELLO 6 ESE, WA US",46.78861,-119.04611,362.7,4/15/92,68,40,
USC00456215,"OTHELLO 6 ESE, WA US",46.78861,-119.04611,362.7,4/16/92,70,52,
USC00456215,"OTHELLO 6 ESE, WA US",46.78861,-119.04611,362.7,4/17/92,67,46,
USC00456215,"OTHELLO 6 ESE, WA US",46.78861,-119.04611,362.7,4/18/92,64,39,
USC00456215,"OTHELLO 6 ESE, WA US",46.78861,-119.04611,362.7,4/19/92,64,35,
USC00456215,"OTHELLO 6 ESE, WA US",46.78861,-119.04611,362.7,4/20/92,67,41,
USC00456215,"OTHELLO 6 ESE, WA US",46.78861,-119.04611,362.7,4/21/92,63,40,
USC00456215,"OTHELLO 6 ESE, WA US",46.78861,-119.04611,362.7,4/22/92,66,30,
USC00456215,"OTHELLO 6 ESE, WA US",46.78861,-119.04611,362.7,4/23/92,60,32,
USC00456215,"OTHELLO 6 ESE, WA US",46.78861,-119.04611,362.7,4/24/92,60,34,
USC00456215,"OTHELLO 6 ESE, WA US",46.78861,-119.04611,362.7,4/25/92,70,41,
USC00456215,"OTHELLO 6 ESE, WA US",46.78861,-119.04611,362.7,4/26/92,80,45,
USC00456215,"OTHELLO 6 ESE, WA US",46.78861,-119.04611,362.7,4/27/92,76,51,
USC00456215,"OTHELLO 6 ESE, WA US",46.78861,-119.04611,362.7,4/28/92,77,52,
USC00456215,"OTHELLO 6 ESE, WA US",46.78861,-119.04611,362.7,4/29/92,77,53,
USC00456215,"OTHELLO 6 ESE, WA US",46.78861,-119.04611,362.7,4/30/92,66,50,
USC00456215,"OTHELLO 6 ESE, WA US",46.78861,-119.04611,362.7,5/1/92,60,33,
USC00456215,"OTHELLO 6 ESE, WA US",46.78861,-119.04611,362.7,5/2/92,74,42,
USC00456215,"OTHELLO 6 ESE, WA US",46.78861,-119.04611,362.7,5/3/92,85,45,
USC00456215,"OTHELLO 6 ESE, WA US",46.78861,-119.04611,362.7,5/4/92,83,36,
USC00456215,"OTHELLO 6 ESE, WA US",46.78861,-119.04611,362.7,5/5/92,85,45,
USC00456215,"OTHELLO 6 ESE, WA US",46.78861,-119.04611,362.7,5/6/92,90,49,
USC00456215,"OTHELLO 6 ESE, WA US",46.78861,-119.04611,362.7,5/7/92,94,60,
USC00456215,"OTHELLO 6 ESE, WA US",46.78861,-119.04611,362.7,5/8/92,89,49,
USC00456215,"OTHELLO 6 ESE, WA US",46.78861,-119.04611,362.7,5/9/92,68,44,
USC00456215,"OTHELLO 6 ESE, WA US",46.78861,-119.04611,362.7,5/10/92,69,46,
USC00456215,"OTHELLO 6 ESE, WA US",46.78861,-119.04611,362.7,5/11/92,67,36,
USC00456215,"OTHELLO 6 ESE, WA US",46.78861,-119.04611,362.7,5/12/92,62,32,
USC00456215,"OTHELLO 6 ESE, WA US",46.78861,-119.04611,362.7,5/13/92,65,42,
USC00456215,"OTHELLO 6 ESE, WA US",46.78861,-119.04611,362.7,5/14/92,73,46,
USC00456215,"OTHELLO 6 ESE, WA US",46.78861,-119.04611,362.7,5/15/92,81,46,
USC00456215,"OTHELLO 6 ESE, WA US",46.78861,-119.04611,362.7,5/16/92,78,38,
USC00456215,"OTHELLO 6 ESE, WA US",46.78861,-119.04611,362.7,5/17/92,78,42,
USC00456215,"OTHELLO 6 ESE, WA US",46.78861,-119.04611,362.7,5/18/92,84,58,
USC00456215,"OTHELLO 6 ESE, WA US",46.78861,-119.04611,362.7,5/19/92,81,47,
USC00456215,"OTHELLO 6 ESE, WA US",46.78861,-119.04611,362.7,5/20/92,77,48,
USC00456215,"OTHELLO 6 ESE, WA US",46.78861,-119.04611,362.7,5/21/92,68,36,
USC00456215,"OTHELLO 6 ESE, WA US",46.78861,-119.04611,362.7,5/22/92,68,38,
USC00456215,"OTHELLO 6 ESE, WA US",46.78861,-119.04611,362.7,5/23/92,77,48,
USC00456215,"OTHELLO 6 ESE, WA US",46.78861,-119.04611,362.7,5/24/92,84,49,
USC00456215,"OTHELLO 6 ESE, WA US",46.78861,-119.04611,362.7,5/25/92,87,56,
USC00456215,"OTHELLO 6 ESE, WA US",46.78861,-119.04611,362.7,5/26/92,92,57,
USC00456215,"OTHELLO 6 ESE, WA US",46.78861,-119.04611,362.7,5/27/92,77,43,
USC00456215,"OTHELLO 6 ESE, WA US",46.78861,-119.04611,362.7,5/28/92,75,48,
USC00456215,"OTHELLO 6 ESE, WA US",46.78861,-119.04611,362.7,5/29/92,76,48,
USC00456215,"OTHELLO 6 ESE, WA US",46.78861,-119.04611,362.7,5/30/92,81,50,
USC00456215,"OTHELLO 6 ESE, WA US",46.78861,-119.04611,362.7,5/31/92,89,57,
USC00456215,"OTHELLO 6 ESE, WA US",46.78861,-119.04611,362.7,6/1/92,90,58,
USC00456215,"OTHELLO 6 ESE, WA US",46.78861,-119.04611,362.7,6/2/92,89,52,
USC00456215,"OTHELLO 6 ESE, WA US",46.78861,-119.04611,362.7,6/3/92,81,42,
USC00456215,"OTHELLO 6 ESE, WA US",46.78861,-119.04611,362.7,6/4/92,80,50,
USC00456215,"OTHELLO 6 ESE, WA US",46.78861,-119.04611,362.7,6/5/92,82,51,
USC00456215,"OTHELLO 6 ESE, WA US",46.78861,-119.04611,362.7,6/6/92,82,53,
USC00456215,"OTHELLO 6 ESE, WA US",46.78861,-119.04611,362.7,6/7/92,86,56,
USC00456215,"OTHELLO 6 ESE, WA US",46.78861,-119.04611,362.7,6/8/92,84,49,
USC00456215,"OTHELLO 6 ESE, WA US",46.78861,-119.04611,362.7,6/9/92,80,50,
USC00456215,"OTHELLO 6 ESE, WA US",46.78861,-119.04611,362.7,6/10/92,80,52,
USC00456215,"OTHELLO 6 ESE, WA US",46.78861,-119.04611,362.7,6/11/92,82,54,
USC00456215,"OTHELLO 6 ESE, WA US",46.78861,-119.04611,362.7,6/12/92,86,54,
USC00456215,"OTHELLO 6 ESE, WA US",46.78861,-119.04611,362.7,6/13/92,60,51,
USC00456215,"OTHELLO 6 ESE, WA US",46.78861,-119.04611,362.7,6/14/92,67,45,
USC00456215,"OTHELLO 6 ESE, WA US",46.78861,-119.04611,362.7,6/15/92,70,49,
USC00456215,"OTHELLO 6 ESE, WA US",46.78861,-119.04611,362.7,6/16/92,70,54,
USC00456215,"OTHELLO 6 ESE, WA US",46.78861,-119.04611,362.7,6/17/92,80,50,
USC00456215,"OTHELLO 6 ESE, WA US",46.78861,-119.04611,362.7,6/18/92,80,52,
USC00456215,"OTHELLO 6 ESE, WA US",46.78861,-119.04611,362.7,6/19/92,88,57,
USC00456215,"OTHELLO 6 ESE, WA US",46.78861,-119.04611,362.7,6/20/92,93,58,
USC00456215,"OTHELLO 6 ESE, WA US",46.78861,-119.04611,362.7,6/21/92,91,62,
USC00456215,"OTHELLO 6 ESE, WA US",46.78861,-119.04611,362.7,6/22/92,96,61,
USC00456215,"OTHELLO 6 ESE, WA US",46.78861,-119.04611,362.7,6/23/92,96,62,
USC00456215,"OTHELLO 6 ESE, WA US",46.78861,-119.04611,362.7,6/24/92,100,64,
USC00456215,"OTHELLO 6 ESE, WA US",46.78861,-119.04611,362.7,6/25/92,98,64,
USC00456215,"OTHELLO 6 ESE, WA US",46.78861,-119.04611,362.7,6/26/92,96,64,
USC00456215,"OTHELLO 6 ESE, WA US",46.78861,-119.04611,362.7,6/27/92,90,63,
USC00456215,"OTHELLO 6 ESE, WA US",46.78861,-119.04611,362.7,6/28/92,95,65,
USC00456215,"OTHELLO 6 ESE, WA US",46.78861,-119.04611,362.7,6/29/92,91,58,
USC00456215,"OTHELLO 6 ESE, WA US",46.78861,-119.04611,362.7,6/30/92,74,50,
USC00456215,"OTHELLO 6 ESE, WA US",46.78861,-119.04611,362.7,7/1/92,80,54,
USC00456215,"OTHELLO 6 ESE, WA US",46.78861,-119.04611,362.7,7/2/92,79,58,
USC00456215,"OTHELLO 6 ESE, WA US",46.78861,-119.04611,362.7,7/3/92,82,54,
USC00456215,"OTHELLO 6 ESE, WA US",46.78861,-119.04611,362.7,7/4/92,83,61,
USC00456215,"OTHELLO 6 ESE, WA US",46.78861,-119.04611,362.7,7/5/92,79,53,
USC00456215,"OTHELLO 6 ESE, WA US",46.78861,-119.04611,362.7,7/6/92,80,51,
USC00456215,"OTHELLO 6 ESE, WA US",46.78861,-119.04611,362.7,7/7/92,77,52,
USC00456215,"OTHELLO 6 ESE, WA US",46.78861,-119.04611,362.7,7/8/92,78,49,
USC00456215,"OTHELLO 6 ESE, WA US",46.78861,-119.04611,362.7,7/9/92,80,55,
USC00456215,"OTHELLO 6 ESE, WA US",46.78861,-119.04611,362.7,7/10/92,84,51,
USC00456215,"OTHELLO 6 ESE, WA US",46.78861,-119.04611,362.7,7/11/92,74,58,
USC00456215,"OTHELLO 6 ESE, WA US",46.78861,-119.04611,362.7,7/12/92,79,53,
USC00456215,"OTHELLO 6 ESE, WA US",46.78861,-119.04611,362.7,7/13/92,85,56,
USC00456215,"OTHELLO 6 ESE, WA US",46.78861,-119.04611,362.7,7/14/92,87,52,
USC00456215,"OTHELLO 6 ESE, WA US",46.78861,-119.04611,362.7,7/15/92,83,51,
USC00456215,"OTHELLO 6 ESE, WA US",46.78861,-119.04611,362.7,7/16/92,87,56,
USC00456215,"OTHELLO 6 ESE, WA US",46.78861,-119.04611,362.7,7/17/92,90,63,
USC00456215,"OTHELLO 6 ESE, WA US",46.78861,-119.04611,362.7,7/18/92,96,64,
USC00456215,"OTHELLO 6 ESE, WA US",46.78861,-119.04611,362.7,7/19/92,98,68,
USC00456215,"OTHELLO 6 ESE, WA US",46.78861,-119.04611,362.7,7/20/92,92,64,
USC00456215,"OTHELLO 6 ESE, WA US",46.78861,-119.04611,362.7,7/21/92,77,61,
USC00456215,"OTHELLO 6 ESE, WA US",46.78861,-119.04611,362.7,7/22/92,86,60,
USC00456215,"OTHELLO 6 ESE, WA US",46.78861,-119.04611,362.7,7/23/92,67,58,
USC00456215,"OTHELLO 6 ESE, WA US",46.78861,-119.04611,362.7,7/24/92,63,57,
USC00456215,"OTHELLO 6 ESE, WA US",46.78861,-119.04611,362.7,7/25/92,77,56,
USC00456215,"OTHELLO 6 ESE, WA US",46.78861,-119.04611,362.7,7/26/92,84,60,
USC00456215,"OTHELLO 6 ESE, WA US",46.78861,-119.04611,362.7,7/27/92,90,54,
USC00456215,"OTHELLO 6 ESE, WA US",46.78861,-119.04611,362.7,7/28/92,92,60,
USC00456215,"OTHELLO 6 ESE, WA US",46.78861,-119.04611,362.7,7/29/92,92,60,
USC00456215,"OTHELLO 6 ESE, WA US",46.78861,-119.04611,362.7,7/30/92,93,61,
USC00456215,"OTHELLO 6 ESE, WA US",46.78861,-119.04611,362.7,7/31/92,97,66,
USC00456215,"OTHELLO 6 ESE, WA US",46.78861,-119.04611,362.7,8/1/92,100,64,
USC00456215,"OTHELLO 6 ESE, WA US",46.78861,-119.04611,362.7,8/2/92,95,55,
USC00456215,"OTHELLO 6 ESE, WA US",46.78861,-119.04611,362.7,8/3/92,92,56,
USC00456215,"OTHELLO 6 ESE, WA US",46.78861,-119.04611,362.7,8/4/92,92,57,
USC00456215,"OTHELLO 6 ESE, WA US",46.78861,-119.04611,362.7,8/5/92,88,52,
USC00456215,"OTHELLO 6 ESE, WA US",46.78861,-119.04611,362.7,8/6/92,82,55,
USC00456215,"OTHELLO 6 ESE, WA US",46.78861,-119.04611,362.7,8/7/92,76,56,
USC00456215,"OTHELLO 6 ESE, WA US",46.78861,-119.04611,362.7,8/8/92,83,47,
USC00456215,"OTHELLO 6 ESE, WA US",46.78861,-119.04611,362.7,8/9/92,79,49,
USC00456215,"OTHELLO 6 ESE, WA US",46.78861,-119.04611,362.7,8/10/92,80,51,
USC00456215,"OTHELLO 6 ESE, WA US",46.78861,-119.04611,362.7,8/11/92,90,54,
USC00456215,"OTHELLO 6 ESE, WA US",46.78861,-119.04611,362.7,8/12/92,98,60,
USC00456215,"OTHELLO 6 ESE, WA US",46.78861,-119.04611,362.7,8/13/92,96,74,
USC00456215,"OTHELLO 6 ESE, WA US",46.78861,-119.04611,362.7,8/14/92,101,67,
USC00456215,"OTHELLO 6 ESE, WA US",46.78861,-119.04611,362.7,8/15/92,95,60,
USC00456215,"OTHELLO 6 ESE, WA US",46.78861,-119.04611,362.7,8/16/92,96,59,
USC00456215,"OTHELLO 6 ESE, WA US",46.78861,-119.04611,362.7,8/17/92,102,58,
USC00456215,"OTHELLO 6 ESE, WA US",46.78861,-119.04611,362.7,8/18/92,98,62,
USC00456215,"OTHELLO 6 ESE, WA US",46.78861,-119.04611,362.7,8/19/92,98,60,
USC00456215,"OTHELLO 6 ESE, WA US",46.78861,-119.04611,362.7,8/20/92,90,56,
USC00456215,"OTHELLO 6 ESE, WA US",46.78861,-119.04611,362.7,8/21/92,90,58,
USC00456215,"OTHELLO 6 ESE, WA US",46.78861,-119.04611,362.7,8/22/92,82,55,
USC00456215,"OTHELLO 6 ESE, WA US",46.78861,-119.04611,362.7,8/23/92,68,39,
USC00456215,"OTHELLO 6 ESE, WA US",46.78861,-119.04611,362.7,8/24/92,69,45,
USC00456215,"OTHELLO 6 ESE, WA US",46.78861,-119.04611,362.7,8/25/92,73,46,
USC00456215,"OTHELLO 6 ESE, WA US",46.78861,-119.04611,362.7,8/26/92,75,46,
USC00456215,"OTHELLO 6 ESE, WA US",46.78861,-119.04611,362.7,8/27/92,84,52,
USC00456215,"OTHELLO 6 ESE, WA US",46.78861,-119.04611,362.7,8/28/92,84,50,
USC00456215,"OTHELLO 6 ESE, WA US",46.78861,-119.04611,362.7,8/29/92,81,49,
USC00456215,"OTHELLO 6 ESE, WA US",46.78861,-119.04611,362.7,8/30/92,80,54,
USC00456215,"OTHELLO 6 ESE, WA US",46.78861,-119.04611,362.7,8/31/92,80,57,
USC00456215,"OTHELLO 6 ESE, WA US",46.78861,-119.04611,362.7,9/1/92,82,52,
USC00456215,"OTHELLO 6 ESE, WA US",46.78861,-119.04611,362.7,9/2/92,84,52,
USC00456215,"OTHELLO 6 ESE, WA US",46.78861,-119.04611,362.7,9/3/92,80,50,
USC00456215,"OTHELLO 6 ESE, WA US",46.78861,-119.04611,362.7,9/4/92,83,60,
USC00456215,"OTHELLO 6 ESE, WA US",46.78861,-119.04611,362.7,9/5/92,74,45,
USC00456215,"OTHELLO 6 ESE, WA US",46.78861,-119.04611,362.7,9/6/92,68,45,
USC00456215,"OTHELLO 6 ESE, WA US",46.78861,-119.04611,362.7,9/7/92,67,38,
USC00456215,"OTHELLO 6 ESE, WA US",46.78861,-119.04611,362.7,9/8/92,68,55,
USC00456215,"OTHELLO 6 ESE, WA US",46.78861,-119.04611,362.7,9/9/92,77,43,
USC00456215,"OTHELLO 6 ESE, WA US",46.78861,-119.04611,362.7,9/10/92,78,45,
USC00456215,"OTHELLO 6 ESE, WA US",46.78861,-119.04611,362.7,9/11/92,82,56,
USC00456215,"OTHELLO 6 ESE, WA US",46.78861,-119.04611,362.7,9/12/92,79,47,
USC00456215,"OTHELLO 6 ESE, WA US",46.78861,-119.04611,362.7,9/13/92,71,42,
USC00456215,"OTHELLO 6 ESE, WA US",46.78861,-119.04611,362.7,9/14/92,67,39,
USC00456215,"OTHELLO 6 ESE, WA US",46.78861,-119.04611,362.7,9/15/92,59,47,
USC00456215,"OTHELLO 6 ESE, WA US",46.78861,-119.04611,362.7,9/16/92,56,40,
USC00456215,"OTHELLO 6 ESE, WA US",46.78861,-119.04611,362.7,9/17/92,62,42,
USC00456215,"OTHELLO 6 ESE, WA US",46.78861,-119.04611,362.7,9/18/92,70,38,
USC00456215,"OTHELLO 6 ESE, WA US",46.78861,-119.04611,362.7,9/19/92,73,52,
USC00456215,"OTHELLO 6 ESE, WA US",46.78861,-119.04611,362.7,9/20/92,78,54,
USC00456215,"OTHELLO 6 ESE, WA US",46.78861,-119.04611,362.7,9/21/92,81,53,
USC00456215,"OTHELLO 6 ESE, WA US",46.78861,-119.04611,362.7,9/22/92,82,49,
USC00456215,"OTHELLO 6 ESE, WA US",46.78861,-119.04611,362.7,9/23/92,84,57,
USC00456215,"OTHELLO 6 ESE, WA US",46.78861,-119.04611,362.7,9/24/92,78,50,
USC00456215,"OTHELLO 6 ESE, WA US",46.78861,-119.04611,362.7,9/25/92,64,47,
USC00456215,"OTHELLO 6 ESE, WA US",46.78861,-119.04611,362.7,9/26/92,69,45,
USC00456215,"OTHELLO 6 ESE, WA US",46.78861,-119.04611,362.7,9/27/92,77,37,
USC00456215,"OTHELLO 6 ESE, WA US",46.78861,-119.04611,362.7,9/28/92,71,35,
USC00456215,"OTHELLO 6 ESE, WA US",46.78861,-119.04611,362.7,9/29/92,71,38,
USC00456215,"OTHELLO 6 ESE, WA US",46.78861,-119.04611,362.7,9/30/92,76,43,
USC00456215,"OTHELLO 6 ESE, WA US",46.78861,-119.04611,362.7,10/1/92,86,49,
USC00456215,"OTHELLO 6 ESE, WA US",46.78861,-119.04611,362.7,10/2/92,82,54,
USC00456215,"OTHELLO 6 ESE, WA US",46.78861,-119.04611,362.7,10/3/92,72,52,
USC00456215,"OTHELLO 6 ESE, WA US",46.78861,-119.04611,362.7,10/4/92,69,41,
USC00456215,"OTHELLO 6 ESE, WA US",46.78861,-119.04611,362.7,10/5/92,67,37,
USC00456215,"OTHELLO 6 ESE, WA US",46.78861,-119.04611,362.7,10/6/92,67,34,
USC00456215,"OTHELLO 6 ESE, WA US",46.78861,-119.04611,362.7,10/7/92,62,31,
USC00456215,"OTHELLO 6 ESE, WA US",46.78861,-119.04611,362.7,10/8/92,59,40,
USC00456215,"OTHELLO 6 ESE, WA US",46.78861,-119.04611,362.7,10/9/92,64,37,
USC00456215,"OTHELLO 6 ESE, WA US",46.78861,-119.04611,362.7,10/10/92,65,41,
USC00456215,"OTHELLO 6 ESE, WA US",46.78861,-119.04611,362.7,10/11/92,72,44,
USC00456215,"OTHELLO 6 ESE, WA US",46.78861,-119.04611,362.7,10/12/92,76,45,
USC00456215,"OTHELLO 6 ESE, WA US",46.78861,-119.04611,362.7,10/13/92,71,47,
USC00456215,"OTHELLO 6 ESE, WA US",46.78861,-119.04611,362.7,10/14/92,61,28,
USC00456215,"OTHELLO 6 ESE, WA US",46.78861,-119.04611,362.7,10/15/92,57,24,
USC00456215,"OTHELLO 6 ESE, WA US",46.78861,-119.04611,362.7,10/16/92,52,25,
USC00456215,"OTHELLO 6 ESE, WA US",46.78861,-119.04611,362.7,10/17/92,50,31,
USC00456215,"OTHELLO 6 ESE, WA US",46.78861,-119.04611,362.7,10/18/92,58,42,
USC00456215,"OTHELLO 6 ESE, WA US",46.78861,-119.04611,362.7,10/19/92,58,45,
USC00456215,"OTHELLO 6 ESE, WA US",46.78861,-119.04611,362.7,10/20/92,71,43,
USC00456215,"OTHELLO 6 ESE, WA US",46.78861,-119.04611,362.7,10/21/92,69,54,
USC00456215,"OTHELLO 6 ESE, WA US",46.78861,-119.04611,362.7,10/22/92,66,44,
USC00456215,"OTHELLO 6 ESE, WA US",46.78861,-119.04611,362.7,10/23/92,70,42,
USC00456215,"OTHELLO 6 ESE, WA US",46.78861,-119.04611,362.7,10/24/92,68,46,
USC00456215,"OTHELLO 6 ESE, WA US",46.78861,-119.04611,362.7,10/25/92,68,40,
USC00456215,"OTHELLO 6 ESE, WA US",46.78861,-119.04611,362.7,10/26/92,72,36,
USC00456215,"OTHELLO 6 ESE, WA US",46.78861,-119.04611,362.7,10/27/92,66,32,
USC00456215,"OTHELLO 6 ESE, WA US",46.78861,-119.04611,362.7,10/28/92,64,34,
USC00456215,"OTHELLO 6 ESE, WA US",46.78861,-119.04611,362.7,10/29/92,44,38,
USC00456215,"OTHELLO 6 ESE, WA US",46.78861,-119.04611,362.7,10/30/92,50,42,
USC00456215,"OTHELLO 6 ESE, WA US",46.78861,-119.04611,362.7,10/31/92,56,40,
USC00456215,"OTHELLO 6 ESE, WA US",46.78861,-119.04611,362.7,11/1/92,57,44,
USC00456215,"OTHELLO 6 ESE, WA US",46.78861,-119.04611,362.7,11/2/92,56,40,
USC00456215,"OTHELLO 6 ESE, WA US",46.78861,-119.04611,362.7,11/3/92,57,33,
USC00456215,"OTHELLO 6 ESE, WA US",46.78861,-119.04611,362.7,11/4/92,54,48,
USC00456215,"OTHELLO 6 ESE, WA US",46.78861,-119.04611,362.7,11/5/92,49,33,
USC00456215,"OTHELLO 6 ESE, WA US",46.78861,-119.04611,362.7,11/6/92,44,36,
USC00456215,"OTHELLO 6 ESE, WA US",46.78861,-119.04611,362.7,11/7/92,47,44,
USC00456215,"OTHELLO 6 ESE, WA US",46.78861,-119.04611,362.7,11/8/92,58,40,
USC00456215,"OTHELLO 6 ESE, WA US",46.78861,-119.04611,362.7,11/9/92,52,31,
USC00456215,"OTHELLO 6 ESE, WA US",46.78861,-119.04611,362.7,11/10/92,48,28,
USC00456215,"OTHELLO 6 ESE, WA US",46.78861,-119.04611,362.7,11/11/92,46,34,
USC00456215,"OTHELLO 6 ESE, WA US",46.78861,-119.04611,362.7,11/12/92,42,37,
USC00456215,"OTHELLO 6 ESE, WA US",46.78861,-119.04611,362.7,11/13/92,43,40,
USC00456215,"OTHELLO 6 ESE, WA US",46.78861,-119.04611,362.7,11/14/92,44,40,
USC00456215,"OTHELLO 6 ESE, WA US",46.78861,-119.04611,362.7,11/15/92,44,40,
USC00456215,"OTHELLO 6 ESE, WA US",46.78861,-119.04611,362.7,11/16/92,44,41,
USC00456215,"OTHELLO 6 ESE, WA US",46.78861,-119.04611,362.7,11/17/92,45,38,
USC00456215,"OTHELLO 6 ESE, WA US",46.78861,-119.04611,362.7,11/18/92,44,40,
USC00456215,"OTHELLO 6 ESE, WA US",46.78861,-119.04611,362.7,11/19/92,49,34,
USC00456215,"OTHELLO 6 ESE, WA US",46.78861,-119.04611,362.7,11/20/92,50,31,
USC00456215,"OTHELLO 6 ESE, WA US",46.78861,-119.04611,362.7,11/21/92,50,34,
USC00456215,"OTHELLO 6 ESE, WA US",46.78861,-119.04611,362.7,11/22/92,44,35,
USC00456215,"OTHELLO 6 ESE, WA US",46.78861,-119.04611,362.7,11/23/92,44,29,
USC00456215,"OTHELLO 6 ESE, WA US",46.78861,-119.04611,362.7,11/24/92,39,19,
USC00456215,"OTHELLO 6 ESE, WA US",46.78861,-119.04611,362.7,11/25/92,33,17,
USC00456215,"OTHELLO 6 ESE, WA US",46.78861,-119.04611,362.7,11/26/92,28,17,
USC00456215,"OTHELLO 6 ESE, WA US",46.78861,-119.04611,362.7,11/27/92,28,24,
USC00456215,"OTHELLO 6 ESE, WA US",46.78861,-119.04611,362.7,11/28/92,31,28,
USC00456215,"OTHELLO 6 ESE, WA US",46.78861,-119.04611,362.7,11/29/92,33,27,
USC00456215,"OTHELLO 6 ESE, WA US",46.78861,-119.04611,362.7,11/30/92,31,28,
USC00456215,"OTHELLO 6 ESE, WA US",46.78861,-119.04611,362.7,12/1/92,46,29,
USC00456215,"OTHELLO 6 ESE, WA US",46.78861,-119.04611,362.7,12/2/92,40,32,
USC00456215,"OTHELLO 6 ESE, WA US",46.78861,-119.04611,362.7,12/3/92,41,21,
USC00456215,"OTHELLO 6 ESE, WA US",46.78861,-119.04611,362.7,12/4/92,36,21,
USC00456215,"OTHELLO 6 ESE, WA US",46.78861,-119.04611,362.7,12/5/92,28,21,
USC00456215,"OTHELLO 6 ESE, WA US",46.78861,-119.04611,362.7,12/6/92,24,13,
USC00456215,"OTHELLO 6 ESE, WA US",46.78861,-119.04611,362.7,12/7/92,32,23,
USC00456215,"OTHELLO 6 ESE, WA US",46.78861,-119.04611,362.7,12/8/92,28,15,
USC00456215,"OTHELLO 6 ESE, WA US",46.78861,-119.04611,362.7,12/9/92,31,22,
USC00456215,"OTHELLO 6 ESE, WA US",46.78861,-119.04611,362.7,12/10/92,40,28,
USC00456215,"OTHELLO 6 ESE, WA US",46.78861,-119.04611,362.7,12/11/92,38,28,
USC00456215,"OTHELLO 6 ESE, WA US",46.78861,-119.04611,362.7,12/12/92,35,24,
USC00456215,"OTHELLO 6 ESE, WA US",46.78861,-119.04611,362.7,12/13/92,37,17,
USC00456215,"OTHELLO 6 ESE, WA US",46.78861,-119.04611,362.7,12/14/92,32,30,
USC00456215,"OTHELLO 6 ESE, WA US",46.78861,-119.04611,362.7,12/15/92,38,22,
USC00456215,"OTHELLO 6 ESE, WA US",46.78861,-119.04611,362.7,12/16/92,36,22,
USC00456215,"OTHELLO 6 ESE, WA US",46.78861,-119.04611,362.7,12/17/92,36,22,
USC00456215,"OTHELLO 6 ESE, WA US",46.78861,-119.04611,362.7,12/18/92,35,21,
USC00456215,"OTHELLO 6 ESE, WA US",46.78861,-119.04611,362.7,12/19/92,27,12,
USC00456215,"OTHELLO 6 ESE, WA US",46.78861,-119.04611,362.7,12/20/92,24,10,
USC00456215,"OTHELLO 6 ESE, WA US",46.78861,-119.04611,362.7,12/21/92,40,18,
USC00456215,"OTHELLO 6 ESE, WA US",46.78861,-119.04611,362.7,12/22/92,32,26,
USC00456215,"OTHELLO 6 ESE, WA US",46.78861,-119.04611,362.7,12/23/92,40,28,
USC00456215,"OTHELLO 6 ESE, WA US",46.78861,-119.04611,362.7,12/24/92,41,32,
USC00456215,"OTHELLO 6 ESE, WA US",46.78861,-119.04611,362.7,12/25/92,47,17,
USC00456215,"OTHELLO 6 ESE, WA US",46.78861,-119.04611,362.7,12/26/92,32,21,
USC00456215,"OTHELLO 6 ESE, WA US",46.78861,-119.04611,362.7,12/27/92,36,20,
USC00456215,"OTHELLO 6 ESE, WA US",46.78861,-119.04611,362.7,12/28/92,31,25,
USC00456215,"OTHELLO 6 ESE, WA US",46.78861,-119.04611,362.7,12/29/92,29,18,
USC00456215,"OTHELLO 6 ESE, WA US",46.78861,-119.04611,362.7,12/30/92,26,8,
,,,,,,,,